DataboxPlot_Note	'Note'
self.combo_binary	0
self.combo_autoscript	1
self.button_enabled	True
self.button_multi	True
self.button_link_x	True
self.button_script	False
self.number_file	0
self.script	"x = ( d[0] )\ny = ( d[1], d[2] )\n\nxlabels = 'Time(s)'\nylabels = ( 'Temperature(C)', 'Power(%)' )\n"
self.number_history	0
self.text_log_note	'Note'

Time(s)	Temperature(C)	Power(%)
2.834	96.5703	0.0
2.935	96.5938	0.0
3.036	96.5391	0.0
3.137	96.4922	0.0
3.237	96.4063	0.0
3.339	96.3281	0.0
3.44	96.3281	0.0
3.541	96.2031	0.0
3.642	96.1719	0.0
3.742	96.1563	0.0
3.844	96.1328	0.0
3.944	96.0391	0.0
4.045	96.0156	0.0
4.147	95.9297	0.0
4.247	95.9063	0.0
4.348	95.8125	0.0
4.449	95.7578	0.0
4.55	95.7422	0.0
4.651	95.6875	0.0
4.752	95.7109	0.0
4.853	95.5781	0.0
4.954	95.5078	0.0
5.055	95.4453	0.0
5.155	95.4453	0.0
5.257	95.3516	0.0
5.357	95.2813	0.0
5.458	95.2578	0.0
5.559	95.2031	0.0
5.66	95.2109	0.0
5.762	95.1641	0.0
5.862	95.0938	0.0
5.963	95.0313	0.0
6.064	94.9766	0.0
6.165	94.9609	0.0
6.265	94.8594	0.0
6.367	94.75	0.0
6.468	94.7891	0.0
6.569	94.7266	0.0
6.67	94.6172	0.0
6.77	94.5938	0.0
6.872	94.5234	0.0
6.972	94.5	0.0
7.073	94.3828	0.0
7.175	94.3125	0.0
7.275	94.3125	0.0
7.376	94.2891	0.0
7.477	94.2422	0.0
7.578	94.125	0.0
7.679	94.1563	0.0
7.78	94.0391	0.0
7.88	93.9844	0.0
7.982	93.9219	0.0
8.083	93.9375	0.0
8.183	93.8672	0.0
8.285	93.8359	0.0
8.385	93.8906	0.0
8.486	93.7656	0.0
8.587	93.625	0.0
8.688	93.5781	0.0
8.79	93.5313	0.0
8.89	93.5469	0.0
8.991	93.4531	0.0
9.092	93.3984	0.0
9.193	93.3906	0.0
9.293	93.2813	0.0
9.395	93.2344	0.0
9.496	93.1797	0.0
9.596	93.1328	0.0
9.698	93.0625	0.0
9.798	93.0391	0.0
9.9	92.9766	0.0
10.0	92.9141	0.0
10.101	92.8828	0.0
10.203	92.8359	0.0
10.303	92.7969	0.0
10.404	92.6484	0.0
10.505	92.6328	0.0
10.606	92.5469	0.0
10.708	92.5234	0.0
10.808	92.4922	0.0
10.909	92.4063	0.0
11.01	92.4219	0.0
11.111	92.3984	0.0
11.212	92.3594	0.0
11.313	92.2891	0.0
11.414	92.2656	0.0
11.515	92.1875	0.0
11.616	92.1016	0.0
11.717	92.0781	0.0
11.818	92.0156	0.0
11.919	92.0078	0.0
12.02	91.9609	0.0
12.121	91.8906	0.0
12.222	91.8438	0.0
12.322	91.6797	0.0
12.424	91.7578	0.0
12.525	91.6797	0.0
12.625	91.5703	0.0
12.727	91.5234	0.0
12.827	91.5156	0.0
12.929	91.5234	0.0
13.03	91.4453	0.0
13.13	91.4688	0.0
13.232	91.3828	0.0
13.332	91.2891	0.0
13.433	91.3047	0.0
13.535	91.2109	0.0
13.635	91.1016	0.0
13.737	91.1719	0.0
13.838	91.1484	0.0
13.938	91.0313	0.0
14.04	90.9609	0.0
14.14	90.9531	0.0
14.241	90.9297	0.0
14.343	90.8828	0.0
14.443	90.8594	0.0
14.544	90.7734	0.0
14.645	90.6953	0.0
14.746	90.6094	0.0
14.848	90.6797	0.0
14.948	90.5859	0.0
15.049	90.5078	0.0
15.15	90.4609	0.0
15.251	90.4844	0.0
15.352	90.3438	0.0
15.453	90.3516	0.0
15.554	90.3047	0.0
15.654	90.2031	0.0
15.756	90.1875	0.0
15.857	90.1328	0.0
15.958	90.0938	0.0
16.059	90.0938	0.0
16.159	90.0	0.0
16.262	89.9766	99.99839997439959
16.363	89.8906	99.99839997439959
16.464	89.8672	99.99839997439959
16.566	89.7422	99.99839997439959
16.667	89.8125	99.99839997439959
16.768	89.6953	99.99839997439959
16.869	89.7031	99.99839997439959
16.97	89.6563	99.99839997439959
17.072	89.6016	99.99839997439959
17.173	89.5859	99.99839997439959
17.274	89.4453	99.99839997439959
17.375	89.4609	99.99839997439959
17.476	89.3516	99.99839997439959
17.578	89.3047	99.99839997439959
17.679	89.3047	99.99839997439959
17.78	89.3281	99.99839997439959
17.881	89.2578	99.99839997439959
17.982	89.2266	99.99839997439959
18.083	89.2109	99.99839997439959
18.185	89.1094	99.99839997439959
18.286	89.1172	99.99839997439959
18.386	89.0391	99.99839997439959
18.488	88.9688	99.99839997439959
18.589	88.9688	99.99839997439959
18.691	88.9766	99.99839997439959
18.792	89.0391	99.99839997439959
18.893	88.9063	99.99839997439959
18.994	88.8125	99.99839997439959
19.095	88.8516	99.99839997439959
19.196	88.8516	99.99839997439959
19.298	88.7578	99.99839997439959
19.399	88.8047	99.99839997439959
19.5	88.7188	99.99839997439959
19.601	88.6875	99.99839997439959
19.702	88.6641	99.99839997439959
19.804	88.6875	99.99839997439959
19.905	88.6875	99.99839997439959
20.006	88.6406	99.99839997439959
20.107	88.6016	99.99839997439959
20.208	88.6172	99.99839997439959
20.31	88.5938	99.99839997439959
20.411	88.5703	99.99839997439959
20.512	88.5781	99.99839997439959
20.613	88.5469	99.99839997439959
20.714	88.5313	99.99839997439959
20.815	88.5313	99.99839997439959
20.917	88.5781	99.99839997439959
21.018	88.5078	99.99839997439959
21.119	88.5547	99.99839997439959
21.22	88.4844	99.99839997439959
21.321	88.5	99.99839997439959
21.423	88.5547	99.99839997439959
21.524	88.5781	99.99839997439959
21.625	88.5703	99.99839997439959
21.726	88.5469	99.99839997439959
21.827	88.5547	99.99839997439959
21.929	88.5938	99.99839997439959
22.03	88.5781	99.99839997439959
22.131	88.6016	99.99839997439959
22.232	88.5781	99.99839997439959
22.333	88.5703	99.99839997439959
22.434	88.5313	99.99839997439959
22.536	88.5781	99.99839997439959
22.637	88.6172	99.99839997439959
22.738	88.6172	99.99839997439959
22.839	88.6875	99.99839997439959
22.94	88.7578	99.99839997439959
23.042	88.6875	99.99839997439959
23.143	88.6875	99.99839997439959
23.244	88.6719	99.99839997439959
23.345	88.7656	99.99839997439959
23.446	88.7813	99.99839997439959
23.547	88.8047	99.99839997439959
23.649	88.7813	99.99839997439959
23.75	88.7578	99.99839997439959
23.851	88.8125	99.99839997439959
23.952	88.8281	99.99839997439959
24.053	88.8594	99.99839997439959
24.155	88.9297	99.99839997439959
24.256	88.9453	99.99839997439959
24.357	88.9219	99.99839997439959
24.458	88.9688	99.99839997439959
24.559	88.9531	99.99839997439959
24.661	89.0938	99.99839997439959
24.762	89.0859	99.99839997439959
24.863	89.0938	99.99839997439959
24.964	89.0469	99.99839997439959
25.065	89.1172	99.99839997439959
25.166	89.2109	99.99839997439959
25.268	89.25	99.99839997439959
25.369	89.1797	99.99839997439959
25.471	89.2266	99.99839997439959
25.571	89.2578	99.99839997439959
25.672	89.2969	99.99839997439959
25.774	89.3281	99.99839997439959
25.875	89.3281	99.99839997439959
25.976	89.4453	99.99839997439959
26.077	89.4688	99.99839997439959
26.178	89.4609	99.99839997439959
26.279	89.4219	99.99839997439959
26.381	89.5781	99.99839997439959
26.482	89.5547	99.99839997439959
26.584	89.6484	99.99839997439959
26.684	89.6797	99.99839997439959
26.785	89.6328	99.99839997439959
26.887	89.6563	99.99839997439959
26.988	89.6797	99.99839997439959
27.089	89.6328	99.99839997439959
27.19	89.6797	99.99839997439959
27.291	89.8125	99.99839997439959
27.393	89.7891	99.99839997439959
27.494	89.8125	99.99839997439959
27.595	89.8438	99.99839997439959
27.697	89.9688	99.99839997439959
27.797	89.8672	99.99839997439959
27.898	89.9453	99.99839997439959
28.0	89.9766	99.99839997439959
28.101	90.0234	99.99839997439959
28.203	90.1172	99.99839997439959
28.303	90.1641	99.99839997439959
28.404	90.1797	99.99839997439959
28.506	90.1094	99.99839997439959
28.607	90.2031	99.99839997439959
28.708	90.1875	99.99839997439959
28.809	90.2969	99.99839997439959
28.91	90.2969	99.99839997439959
29.012	90.3516	99.99839997439959
29.113	90.4375	99.99839997439959
29.214	90.4219	99.99839997439959
29.316	90.4609	99.99839997439959
29.416	90.4844	99.99839997439959
29.517	90.5625	99.99839997439959
29.619	90.6094	99.99839997439959
29.72	90.5391	99.99839997439959
29.822	90.5391	99.99839997439959
29.922	90.6094	99.99839997439959
30.023	90.6797	99.99839997439959
30.125	90.7188	99.99839997439959
30.226	90.8594	99.99839997439959
30.327	90.8594	99.99839997439959
30.428	90.8594	99.99839997439959
30.529	90.8906	99.99839997439959
30.63	90.9297	99.99839997439959
30.732	90.8438	99.99839997439959
30.833	90.9141	99.99839997439959
30.935	91.0078	99.99839997439959
31.035	91.0938	99.99839997439959
31.136	91.0938	99.99839997439959
31.238	91.1172	99.99839997439959
31.339	91.1406	99.99839997439959
31.44	91.1406	99.99839997439959
31.541	91.2422	99.99839997439959
31.642	91.2656	99.99839997439959
31.744	91.3125	99.99839997439959
31.845	91.3516	99.99839997439959
31.946	91.3594	99.99839997439959
32.047	91.4219	99.99839997439959
32.148	91.4922	99.99839997439959
32.249	91.4688	99.99839997439959
32.351	91.5	99.99839997439959
32.452	91.5703	99.99839997439959
32.553	91.6328	99.99839997439959
32.654	91.6406	99.99839997439959
32.755	91.6719	99.99839997439959
32.857	91.6328	99.99839997439959
32.958	91.7266	99.99839997439959
33.059	91.7734	99.99839997439959
33.16	91.7813	99.99839997439959
33.261	91.8516	99.99839997439959
33.362	91.8281	99.99839997439959
33.464	91.875	99.99839997439959
33.565	91.9844	99.99839997439959
33.666	91.9609	99.99839997439959
33.767	91.9375	99.99839997439959
33.868	92.0391	99.99839997439959
33.97	92.1641	99.99839997439959
34.071	92.1016	99.99839997439959
34.171	92.1875	99.99839997439959
34.273	92.1719	99.99839997439959
34.374	92.2344	99.99839997439959
34.476	92.3281	99.99839997439959
34.577	92.2891	99.99839997439959
34.678	92.3359	99.99839997439959
34.779	92.3984	99.99839997439959
34.88	92.4531	99.99839997439959
34.981	92.4297	99.99839997439959
35.083	92.4766	99.99839997439959
35.184	92.5469	99.99839997439959
35.285	92.6016	99.99839997439959
35.386	92.625	99.99839997439959
35.487	92.6563	99.99839997439959
35.589	92.6797	99.99839997439959
35.69	92.6953	99.99839997439959
35.79	92.75	99.99839997439959
35.892	92.8359	99.99839997439959
35.993	92.7969	99.99839997439959
36.095	92.8828	99.99839997439959
36.196	92.9297	99.99839997439959
36.297	92.9844	99.99839997439959
36.398	92.9609	99.99839997439959
36.499	92.9766	99.99839997439959
36.6	93.0234	99.99839997439959
36.702	93.1328	99.99839997439959
36.803	93.1406	99.99839997439959
36.903	93.2031	99.99839997439959
37.005	93.2578	99.99839997439959
37.106	93.1797	99.99839997439959
37.208	93.2734	99.99839997439959
37.309	93.2813	99.99839997439959
37.41	93.3516	99.99839997439959
37.511	93.375	99.99839997439959
37.612	93.4141	99.99839997439959
37.713	93.5313	99.99839997439959
37.815	93.5	99.99839997439959
37.916	93.5078	99.99839997439959
38.017	93.5703	99.99839997439959
38.118	93.6641	99.99839997439959
38.219	93.5703	99.99839997439959
38.321	93.6641	99.99839997439959
38.422	93.7109	99.99839997439959
38.522	93.8281	99.99839997439959
38.624	93.8359	99.99839997439959
38.725	93.8906	99.99839997439959
38.827	93.8281	99.99839997439959
38.928	93.9219	99.99839997439959
39.028	93.9453	99.99839997439959
39.13	93.9453	99.99839997439959
39.231	94.0078	99.99839997439959
39.332	94.0625	99.99839997439959
39.434	94.0859	99.99839997439959
39.535	94.1016	99.99839997439959
39.636	94.1328	99.99839997439959
39.737	94.125	99.99839997439959
39.838	94.2188	99.99839997439959
39.94	94.2422	99.99839997439959
40.041	94.25	99.99839997439959
40.141	94.375	99.99839997439959
40.243	94.3359	99.99839997439959
40.344	94.3594	99.99839997439959
40.446	94.3828	99.99839997439959
40.547	94.4688	99.99839997439959
40.647	94.5	99.99839997439959
40.749	94.5703	99.99839997439959
40.85	94.5469	99.99839997439959
40.951	94.6094	99.99839997439959
41.053	94.6875	99.99839997439959
41.154	94.6641	99.99839997439959
41.254	94.7031	99.99839997439959
41.356	94.8125	99.99839997439959
41.457	94.7891	99.99839997439959
41.559	94.7891	99.99839997439959
41.66	94.9063	99.99839997439959
41.76	94.9766	99.99839997439959
41.862	94.9844	99.99839997439959
41.963	94.9297	99.99839997439959
42.064	95.0703	99.07838525416406
42.166	95.1016	98.20957135314165
42.267	95.0547	98.86238179810877
42.37	95.0703	98.95518328293252
42.471	95.1406	98.03836861389782
42.572	95.2031	97.01115217843486
42.674	95.2969	95.57432918926703
42.775	95.2813	95.5375286004576
42.876	95.2578	96.04633674138786
42.978	95.3906	94.41111057776925
43.079	95.3906	94.00950415206643
43.181	95.4219	93.6878990063841
43.283	95.4375	93.46389542232676
43.384	95.4922	92.75348405574489
43.486	95.5625	91.66706667306677
43.587	95.625	90.63025008400135
43.689	95.6719	89.839837437399
43.79	95.6953	89.43663098609578
43.891	95.6719	89.78223651578425
43.993	95.7578	88.78222051552825
44.094	95.7813	88.22221155538489
44.196	95.6641	89.8718379494072
44.298	95.8516	87.81420502728044
44.399	95.8125	87.71660346565545
44.501	95.8047	88.08460935374966
44.602	95.9453	86.26378022048353
44.703	96.0547	84.28614857837725
44.805	96.0391	84.17094673514777
44.906	96.0781	83.79014064225028
45.008	95.9922	84.93575897214356
45.11	96.1016	83.83974143586298
45.211	96.1797	82.41571865149842
45.313	96.1719	82.31651706427303
45.414	96.2422	81.46690347045553
45.515	96.2891	80.63009008144131
45.617	96.3125	80.21088337413399
45.718	96.3281	79.9948799180787
45.819	96.3281	80.02688043008688
45.922	96.3984	79.13886622185954
46.023	96.4297	78.51805628890062
46.125	96.4922	77.61084177346838
46.226	96.5	77.34203747259956
46.327	96.5391	76.85402966447464
46.429	96.6094	75.80281284500552
46.53	96.6641	74.84759756156099
46.631	96.6875	74.38999023984384
46.734	96.7422	73.62357797724763
46.835	96.7422	73.49557592921487
46.937	96.8125	72.59476151618426
47.038	96.8359	72.0699531192499
47.139	96.8672	71.6203459255348
47.241	96.8828	71.35634170146723
47.342	96.9375	70.61232979727676
47.444	96.9297	70.5851293620698
47.545	96.9766	70.04272068353093
47.647	96.9141	70.80753292052673
47.749	96.9531	70.58192931086897
47.85	97.0781	68.76270020320325
47.951	97.125	67.69228307652922
48.053	97.1172	67.6890830253284
48.154	97.1563	67.24907598521577
48.256	97.2344	66.07465719451511
48.357	97.2266	65.94345509528152
48.459	97.2813	65.28264452231235
48.561	97.2969	64.91783868541897
48.662	97.4141	63.29221267540281
48.763	97.375	63.447415158642535
48.865	97.4141	63.12260996175939
48.966	97.4844	62.05379286068577
49.068	97.5078	61.51458423334773
49.169	97.5703	60.613769820317124
49.271	97.5391	60.86657386518184
49.373	97.5938	60.285764572233155
49.474	97.6406	59.476151618425895
49.575	97.5703	60.33696539144626
49.677	97.6406	59.70015520248324
49.778	97.6719	59.04734475751612
49.88	97.6484	59.309748955983295
49.981	97.7344	58.26653226451623
50.083	97.8047	57.00731211699387
50.185	97.7656	57.33531736507784
50.286	97.7813	57.33051728827661
50.388	97.8516	56.34010144162307
50.489	97.8984	55.46168738699819
50.59	97.9688	54.34806956911311
50.692	97.9453	54.44887118193891
50.793	97.9688	54.268068289092625
50.895	98.1094	52.26643626298021
50.997	98.0625	52.42163874621994
51.098	98.0859	52.332037312597
51.2	98.0781	52.3976383622138
51.301	98.2266	50.41040656650507
51.402	98.2734	49.21998751980032
51.504	98.2031	50.06000096001536
51.605	98.1797	50.71281140498248
51.707	98.2734	49.54319269108306
51.809	98.25	49.5495927934847
51.91	98.2891	49.14318629098066
52.012	98.3438	48.2679722875566
52.113	98.3359	48.20237123793981
52.214	98.4063	47.28875662010592
52.316	98.4297	46.72394758316133
52.417	98.4688	46.12553800860814
52.519	98.5625	44.70471527544441
52.621	98.4766	45.57192915086642
52.722	98.5625	44.74311588985424
52.824	98.5234	44.98471975551609
52.925	98.5938	44.19910718571497
53.026	98.5938	43.95910334565353
53.128	98.6328	43.448695179122865
53.229	98.6797	42.675882814125025
53.33	98.6641	42.74468391494264
53.433	98.6875	42.51588025408407
53.534	98.7344	41.80226883630138
53.636	98.7109	41.976671626746025
53.737	98.7578	41.44866317861086
53.838	98.7813	40.97025552408839
53.94	98.8594	39.81503704059265
54.041	98.8672	39.42463079409271
54.143	98.9297	38.54781676506824
54.245	98.8594	39.29982879726076
54.346	98.8906	39.16062657002512
54.448	98.9375	38.410214563433016
54.549	98.9141	38.576617225875616
54.65	99.0078	37.38299812797005
54.752	99.0234	36.81818909102546
54.853	99.0234	36.77978847661563
54.955	99.0313	36.694987119793915
55.056	99.0078	37.01499223987584
55.158	99.0781	36.15257844125506
55.26	99.0703	36.0101761628186
55.361	99.0938	35.739771836349384
55.462	99.1484	34.90455847293557
55.564	99.125	35.03736059776956
55.665	99.1641	34.60855373685979
55.767	99.2734	32.94612713803421
55.868	99.1875	33.72533960543369
55.97	99.2109	33.75734011744188
56.072	99.2266	33.46613545816733
56.173	99.25	33.09812957007312
56.274	99.25	33.02452839245428
56.376	99.25	33.0437286996592
56.477	99.3203	32.078913262612204
56.579	99.4141	30.50608809740956
56.68	99.3984	30.365285844573513
56.781	99.4141	30.222883566137057
56.883	99.4375	29.848477575641212
56.985	99.3984	30.31088497415959
57.087	99.4453	29.818077089233427
57.188	99.4922	28.992463879422072
57.289	99.4922	28.82286116577865
57.391	99.4922	28.835661370581928
57.492	99.4844	28.95726331621306
57.593	99.5078	28.67245875934015
57.695	99.5156	28.483655738491816
57.796	99.6016	27.267636282180515
57.899	99.5313	27.922046752748045
58.0	99.5859	27.446839149426392
58.101	99.6484	26.368421894750316
58.203	99.6094	26.67562681002896
58.304	99.5547	27.602041632666122
58.405	99.6094	27.061232979727677
58.507	99.6094	26.854829677274836
58.608	99.6406	26.42922286756588
58.711	99.6719	25.880414086625386
58.812	99.7188	25.112401798428774
58.913	99.7109	25.045200723211572
59.015	99.7344	24.75719611513784
59.116	99.6953	25.21320341125458
59.217	99.7188	25.045200723211572
59.319	99.7656	24.304388870221924
59.42	99.7188	24.776396422342756
59.523	99.6641	25.730011680186884
59.624	99.7891	24.209987359797758
59.725	99.7578	24.16518664298629
59.827	99.7188	24.84199747195955
59.928	99.7578	24.459591353461654
60.03	99.7656	24.205187282996526
60.131	99.875	22.65636250180003
60.232	99.875	22.232355717691483
60.335	99.8359	22.77956447303157
60.436	99.8594	22.60996175938815
60.537	99.9453	21.318741099857597
60.639	99.9453	20.979535672570762
60.74	99.9375	21.089937438999023
60.842	99.8828	21.888350213603417
60.943	99.9219	21.565145042320676
61.044	99.9453	21.085137362197795
61.147	99.8984	21.646746347941566
61.248	99.9609	20.961935390966257
61.349	99.9453	20.93793500696011
61.451	99.9609	20.78273252372038
61.552	99.9922	20.28512456199299
61.654	99.9922	20.163522616361863
61.755	99.9609	20.598729579673275
61.856	99.9922	20.28512456199299
61.958	99.9688	20.48832781324501
62.06	99.9453	20.90913454615274
62.161	100.0156	20.013120209923358
62.263	100.0547	19.18910702571241
62.364	100.0781	18.70589929438871
62.466	100.0781	18.611497783964545
62.567	100.0625	18.827501240019842
62.668	100.0625	18.886702187234995
62.77	100.0625	18.885102161634585
62.871	100.1094	18.230691691067058
62.972	100.1094	18.045088721419543
63.075	100.1484	17.49627994047905
63.176	100.0625	18.54429670874734
63.278	100.0781	18.66429862877806
63.379	100.0313	19.253108049728795
63.48	100.1094	18.34109345749532
63.582	100.0078	19.449911198579176
63.683	100.1016	18.54749675994816
63.785	100.1328	17.741083857341717
63.887	100.1563	17.2882766124258
63.988	100.0078	19.27550840813453
64.09	100.1016	18.552296836749388
64.191	100.0781	18.50269604313669
64.292	100.1016	18.264292228675657
64.394	100.0781	18.496295940735052
64.495	100.1016	18.26109217747484
64.597	100.1016	18.166690667050673
64.699	100.0781	18.489895838333414
64.8	100.1719	17.262676202819247
64.902	100.1563	17.105873693979103
65.003	100.1484	17.273876382022113
65.104	100.1016	17.957087313397015
65.206	100.1328	17.702683242931887
65.307	100.1719	17.03067249075985
65.409	100.0391	18.734699755196083
65.511	100.1094	18.288292612681804
65.612	100.0391	19.001904030464488
65.714	100.1719	17.421078737259798
65.815	100.1719	16.8882702123234
65.916	100.1328	17.432278916462664
66.018	100.1016	18.01948831181299
66.119	100.1563	17.373077969247507
66.221	100.1875	16.71546744747916
66.323	100.1328	17.344277508440136
66.424	100.1563	17.221075537208595
66.526	100.1875	16.688267012272195
66.627	100.2109	16.232259716155458
66.729	100.1719	16.683466935470967
66.83	100.2344	15.963455415286644
66.931	100.1094	17.464279428470856
67.033	100.1016	18.06588905422487
67.135	100.1484	17.44347909566553
67.236	100.1719	16.931470903534457
67.338	100.1328	17.381078097249556
67.439	100.1484	17.31547704763276
67.541	100.1563	17.141074257188116
67.642	100.2109	16.344261508184132
67.743	100.1016	17.657882526120417
67.845	100.1328	17.65148242371878
67.947	100.1953	16.654666474663596
68.048	100.1875	16.52026432422919
68.15	100.2578	15.561848989583833
68.251	100.1719	16.472263556216898
68.353	100.1016	17.789084625354004
68.454	100.1875	16.869069905118483
68.555	100.1563	16.966671466743467
68.657	100.1563	17.086673386774187
68.759	100.125	17.515480247683964
68.86	100.1328	17.52348037568601
68.962	100.1328	17.488279812477
69.063	100.1328	17.48507976127618
69.165	100.1875	16.71706747307957
69.266	100.0781	18.017888286212578
69.367	100.0781	18.443495095921534
69.469	100.0391	18.9875038000608
69.57	100.0625	18.814701035216565
69.671	100.1328	17.7378838061409
69.774	100.0391	18.753900062400998
69.875	100.1094	18.126690027040432
69.977	100.1484	17.299476791628667
70.078	100.1484	17.139474231587705
70.179	100.1094	17.68348293572697
70.281	100.0391	18.819501112017793
70.382	100.0781	18.5538968623498
70.484	100.0313	19.056304900878413
70.586	100.0859	18.483495735931776
70.687	100.0781	18.38109409750556
70.789	100.0781	18.40989455831293
70.89	100.1328	17.64668234691755
70.991	100.0781	18.195491127858045
71.093	100.0781	18.40989455831293
71.194	99.9688	19.931518904302468
71.296	100.0078	19.811516984271748
71.398	100.0859	18.571497143954304
71.499	100.0625	18.597097553560857
71.601	100.0781	18.4706955311285
71.702	100.0781	18.406694507112114
71.803	99.9688	19.936318981103696
71.905	99.9688	20.3699259188147
72.006	99.9844	20.153922462759404
72.108	100.0156	19.654714475431607
72.209	100.0313	19.31230899694395
72.311	100.0156	19.46911150578409
72.413	99.9453	20.513928222851565
72.514	100.0313	19.59871357941727
72.615	99.9688	20.13792220675531
72.717	100.0547	19.19070705131282
72.818	100.0078	19.509112145794333
72.92	99.9453	20.5699291188659
73.022	100.0078	19.953919262708204
73.123	99.8984	21.246739947839167
73.225	99.9375	21.136338181410903
73.326	99.9844	20.32992527880446
73.428	99.9453	20.694731115697852
73.529	99.9609	20.633930142882285
73.63	99.9922	20.1363221811549
73.732	99.9453	20.667530680490888
73.834	99.9844	20.315525048400776
73.935	99.9375	20.82273316373062
74.037	99.9609	20.681930910894575
74.138	100.0391	19.501112017792284
74.24	99.8828	21.384342149474392
74.341	100.0078	20.267524280388486
74.442	99.9219	20.98273572377158
74.545	99.8828	21.870749931998912
74.646	99.9375	21.264340229443672
74.747	99.9375	21.053136850189603
74.849	99.9141	21.38274212387398
74.95	99.9453	21.041936670986736
75.052	99.9688	20.593929502872047
75.153	99.9375	20.936334981359703
75.254	99.8984	21.606745707931328
75.357	99.8359	22.635562168994703
75.458	99.8828	22.230755692091073
75.559	99.9141	21.613145810332966
75.661	99.9141	21.491543864701836
75.762	99.875	22.04035264564233
75.864	99.9219	21.542744683914943
75.965	99.9375	21.14113825821213
76.066	99.9375	21.081937310996977
76.169	99.8984	21.62754604073665
76.27	99.9141	21.565145042320676
76.372	99.875	22.053152850445606
76.473	99.9219	21.558744939919038
76.574	99.8984	21.705947295156722
76.676	99.8984	21.8019488311813
76.777	99.8359	22.675562809004944
76.878	99.8984	22.046752748043968
76.981	99.875	22.128354053664857
77.082	99.9141	21.678746859949758
77.184	99.9453	21.089937438999023
77.285	99.9219	21.293140690251043
77.386	99.9375	21.168338693419095
77.488	99.8359	22.52836045376726
77.589	99.875	22.392358277732445
77.69	99.875	22.24355589689435
77.793	99.8281	22.89956639306229
77.894	99.8359	22.97796764748236
77.996	99.8281	23.06116897870366
78.097	99.7656	23.968383494135907
78.198	99.8594	22.90436646986352
78.3	99.8594	22.53636058176931
78.401	99.8984	21.99555192883086
78.502	99.8281	22.830765292244674
78.605	99.7813	23.766780268484297
78.706	99.8281	23.29477271636346
78.808	99.8594	22.677162834605355
78.909	99.8359	22.881966111457782
79.01	99.8047	23.416374661994592
79.112	99.7891	23.763580217283476
79.213	99.7656	24.15718651498424
79.314	99.7656	24.254788076609227
79.417	99.7813	24.043584697355158
79.518	99.8984	22.345957535320565
79.62	99.8359	22.758764140226244
79.721	99.7422	24.3171890750252
79.822	99.7656	24.36038976623626
79.924	99.8594	22.963567417078675
80.025	99.8516	22.70276324421191
80.127	99.8359	22.955567289076626
80.229	99.8281	23.12997007952127
80.33	99.7578	24.1507864125826
80.432	99.8047	23.779580473287574
80.533	99.7891	23.816381062096994
80.634	99.7578	24.32038912622602
80.736	99.7422	24.667594681514903
80.837	99.8359	23.43077489239828
80.94	99.8281	23.17637082193315
81.041	99.8359	23.10276964431431
81.142	99.7891	23.733179730875694
81.244	99.8047	23.70597929566873
81.345	99.8359	23.21317141074257
81.446	99.7891	23.75238003808061
81.548	99.7422	24.59879358069729
81.649	99.8047	23.920382726123616
81.752	99.8125	23.571577145234325
81.853	99.7422	24.52679242867886
81.954	99.7656	24.47879166066657
82.056	99.7656	24.392390278244452
82.157	99.6875	25.486807788924622
82.258	99.7344	25.142802284836556
82.36	99.7109	25.29000464007424
82.461	99.7344	25.05960095361526
82.564	99.7578	24.64679434870958
82.665	99.8281	23.58117729883678
82.766	99.7188	24.84199747195955
82.868	99.7344	25.064401030416487
82.969	99.7344	25.00840013440215
83.071	99.7578	24.686794988719818
83.172	99.7109	25.25320405126482
83.273	99.6875	25.771612345797532
83.376	99.6719	26.090017440279045
83.477	99.7188	25.506008096129538
83.578	99.6953	25.65801052816845
83.68	99.6406	26.523624377990046
83.781	99.6953	25.98921582745324
83.883	99.8047	24.251588025408406
83.984	99.7578	24.47399158386534
84.085	99.6641	25.976415622649963
84.188	99.7344	25.37800604809677
84.289	99.7344	25.109201747227957
84.39	99.6953	25.66281060496968
84.492	99.7109	25.606809708955343
84.593	99.6875	25.878814061024976
84.695	99.7109	25.6500104001664
84.796	99.6484	26.43402294436711
84.897	99.6875	26.139618233891742
85.0	99.7109	25.6660106561705
85.101	99.7188	25.472407558520935
85.202	99.6953	25.77801244819917
85.304	99.6719	26.205219283508537
85.405	99.7188	25.648410374565994
85.507	99.6406	26.562024992399877
85.608	99.5859	27.643642298276774
85.71	99.6641	26.779628474055585
85.812	99.6094	27.2484359749756
85.913	99.6016	27.586041376662028
86.015	99.6484	26.970031520504328
86.116	99.6641	26.574825197203154
86.217	99.6875	26.194019104305667
86.319	99.6016	27.310836973391574
86.42	99.6094	27.554040864653835
86.522	99.6406	27.098033568537097
86.624	99.6641	26.656426502824043
86.725	99.6094	27.33323733179731
86.827	99.6406	27.11883390134242
86.928	99.6641	26.67722683562937
87.029	99.6719	26.48522376358022
87.131	99.6484	26.789228627658044
87.232	99.5781	27.870845933534937
87.334	99.6641	26.95883134130146
87.436	99.6641	26.6324261188179
87.537	99.625	27.184434950959215
87.639	99.6406	27.12843405494488
87.74	99.6406	27.07563321013136
87.841	99.6094	27.522040352645643
87.943	99.6094	27.65484247747964
88.044	99.625	27.4484391750268
88.145	99.5781	28.053248851981632
88.248	99.6094	27.81804508872142
88.349	99.5313	28.803660858573735
88.451	99.5156	29.342869485911773
88.552	99.5547	28.87406198499176
88.653	99.6016	28.075649210387365
88.755	99.5781	28.227651642426277
88.856	99.625	27.678842861485784
88.958	99.6094	27.723643578297253
89.06	99.6484	27.254836077377238
89.161	99.6094	27.66124257988128
89.263	99.6484	27.280436486983792
89.364	99.5781	28.11244979919679
89.465	99.5313	29.054864877838046
89.567	99.6016	28.26765228243652
89.668	99.6406	27.454839277428437
89.77	99.5781	28.18605097681563
89.872	99.5547	28.771660346565547
89.973	99.5547	28.87406198499176
90.075	99.5547	28.88526216419463
90.176	99.5547	28.896462343397495
90.277	99.6016	28.251652026432424
90.379	99.5547	28.731659706555305
90.48	99.5391	29.14606633706139
90.582	99.5391	29.219667514680236
90.683	99.6406	27.81644506312101
90.784	99.5547	28.63245811932991
90.887	99.4922	29.856477703643257
90.988	99.5547	29.24366789868638
91.089	99.5078	29.666074657194514
91.191	99.5547	29.210067361077776
91.292	99.5391	29.251668026688428
91.394	99.5859	28.66765868253892
91.495	99.5625	28.818061088977423
91.596	99.5078	29.68687498999984
91.699	99.5391	29.48207171314741
91.8	99.5313	29.480471687547002
91.902	99.5313	29.52207235315765
92.003	99.5156	29.752476039616635
92.104	99.5313	29.60687370997936
92.206	99.5625	29.11886590185443
92.307	99.5313	29.44047104753676
92.408	99.5313	29.57487319797117
92.51	99.5313	29.586073377174035
92.612	99.5547	29.27246835949375
92.714	99.4844	30.17648282372518
92.815	99.5156	30.034080545288724
92.916	99.5625	29.267668282692522
93.018	99.5547	29.20206723307573
93.119	99.5547	29.24526792428679
93.22	99.5547	29.256468103489656
93.322	99.5391	29.48527176434823
93.423	99.5391	29.56047296756748
93.525	99.5781	29.02766444263108
93.627	99.5078	29.864477831645306
93.728	99.5547	29.494871917950686
93.83	99.5547	29.32046912750604
93.931	99.5859	28.896462343397495
94.032	99.5391	29.44207107313717
94.134	99.5547	29.421270740331845
94.235	99.5156	29.914078625258004
94.337	99.5547	29.53167250676011
94.439	99.5859	28.95406326501224
94.54	99.5313	29.61007376118018
94.642	99.5391	29.7300756812109
94.743	99.5391	29.710875374005983
94.844	99.5781	29.174866797868766
94.946	99.5781	29.030864493831903
95.047	99.5313	29.698075169202706
95.149	99.5313	29.894878318053088
95.25	99.5391	29.79887678202851
95.352	99.5547	29.56207299316789
95.454	99.625	28.526856429702875
95.555	99.5625	29.126866029856476
95.657	99.5156	30.038880622089952
95.758	99.5547	29.69327509240148
95.859	99.5547	29.552472839565432
95.961	99.5547	29.5636730187683
96.062	99.5547	29.57487319797117
96.163	99.5781	29.258068129090066
96.265	99.625	28.520456327301236
96.367	99.5781	28.992463879422072
96.469	99.5313	29.840477447639163
96.57	99.5313	30.038880622089952
96.671	99.5156	30.269284308548936
96.773	99.5547	29.797276756428104
96.874	99.5547	29.653274452391237
96.975	99.5781	29.336469383510135
97.077	99.5859	29.144466311460985
97.178	99.5547	29.56047296756748
97.281	99.6094	28.931662906606505
97.382	99.5781	29.16206659306549
97.483	99.5859	29.186066977071633
97.585	99.5781	29.27406838509416
97.686	99.5313	29.968479495671932
97.787	99.5547	29.835677370837935
97.889	99.5313	30.082081313301014
97.99	99.6016	29.20846733547737
98.093	99.6016	28.942863085809375
98.194	99.6094	28.843661498583977
98.295	99.6406	28.38445415126642
98.397	99.6094	28.707659322549162
98.498	99.5391	29.821277140434248
98.599	99.5547	29.88847821565145
98.701	99.5781	29.510872173954784
98.802	99.5313	30.086881390102242
98.905	99.6094	29.1972671562745
99.006	99.6641	28.138050208803342
99.107	99.6641	27.93324693195091
99.209	99.5547	29.470871533944543
99.31	99.6094	29.15566649066385
99.412	99.7188	27.421238739819838
99.513	99.5625	29.168466695467128
99.614	99.5547	29.899678394854316
99.717	99.6875	28.091649466391463
99.818	99.6484	28.123649978399655
99.919	99.6406	28.394054304868877
100.021	99.6094	28.87086193379094
100.122	99.6094	29.00526408422535
100.224	99.6016	29.12526600425607
100.325	99.6016	29.166866669866717
100.426	99.7109	27.65164242627882
100.529	99.7109	27.232435718971505
100.63	99.6484	28.109249747995968
100.731	99.6641	28.14285028560457
100.833	99.7188	27.32523720379526
100.934	99.6719	27.76684426950831
101.036	99.6094	28.83406134498152
101.138	99.6484	28.55245683930943
101.239	99.6094	28.95886334181347
101.341	99.5781	29.56047296756748
101.442	99.6641	28.498055968895503
101.543	99.6875	27.843645498327973
101.646	99.6484	28.29965279444471
101.747	99.6641	28.238851821629147
101.849	99.6094	28.95086321381142
101.95	99.6094	29.178066849069584
102.051	99.6641	28.422854765676252
102.153	99.6484	28.432454919278708
102.254	99.6094	29.048464775436408
102.357	99.6484	28.66605865693851
102.458	99.6875	27.97804764876238
102.559	99.7109	27.504440071041138
102.661	99.7188	27.309236947791163
102.762	99.7109	27.395638330213284
102.864	99.7344	27.106033696539143
102.966	99.6875	27.677242835885373
103.067	99.6875	27.872445959135344
103.169	99.6875	27.880446087137393
103.27	99.7656	26.80042880686091
103.371	99.7422	26.829229267668282
103.473	99.6719	27.912446599145586
103.575	99.6719	28.202051232819723
103.676	99.7422	27.224435590969456
103.778	99.7344	27.059632954127267
103.879	99.7578	26.76842829485272
103.981	99.7813	26.35402166434663
104.082	99.6953	27.462839405430486
104.184	99.6641	28.243651898430375
104.286	99.6953	27.93644698315173
104.387	99.7578	26.949231187699002
104.489	99.6406	28.35245363925823
104.59	99.6641	28.50125602009632
104.691	99.6719	28.30925294804717
104.794	99.6875	28.069249107985726
104.895	99.7422	27.253236051776828
104.996	99.6875	27.81164498631978
105.098	99.7422	27.272436358981743
105.199	99.6719	28.040448647178355
105.302	99.7188	27.670842733483735
105.403	99.6719	28.1476503624058
105.504	99.7188	27.682042912686605
105.606	99.8125	26.19241907870526
105.707	99.7891	26.15081841309461
105.808	99.7578	26.68522696363142
105.911	99.7656	26.706027296436744
106.012	99.7422	27.00843213491416
106.114	99.7813	26.56042496679947
106.215	99.8359	25.648410374565994
106.316	99.7891	26.094817517080273
106.418	99.7188	27.269236307780925
106.52	99.8359	25.933214931438904
106.622	99.8125	25.81481303700859
106.723	99.6953	27.544440711051376
106.824	99.7813	26.80682890926255
106.926	99.7578	26.80042880686091
107.028	99.8047	26.250020000320006
107.129	99.7344	27.059632954127267
107.231	99.7891	26.581225299604792
107.332	99.7891	26.368421894750316
107.434	99.6953	27.686842989487833
107.535	99.7578	27.197235155762492
107.636	99.7656	26.850029600473608
107.739	99.7813	26.606825709211346
107.84	99.7891	26.442023072369157
107.941	99.7656	26.746027936446982
108.043	99.7656	26.84362949807197
108.144	99.7188	27.502840045440728
108.246	99.8125	26.379622073953183
108.348	99.8359	25.685210963375415
108.449	99.7422	26.914030624489993
108.551	99.8281	26.090017440279045
108.652	99.7891	26.296420742731883
108.753	99.7578	26.891630266084256
108.856	99.7344	27.347637562200994
108.957	99.7656	27.00683210931375
109.059	99.7344	27.32523720379526
109.16	99.7656	27.021232339717436
109.261	99.8125	26.248419974719596
109.363	99.7891	26.39562232995728
109.465	99.7891	26.494823917182675
109.567	99.8125	26.171618745899934
109.668	99.8125	26.083617337877406
109.769	99.7656	26.744427910846575
109.871	99.8359	25.95241523864382
109.972	99.7422	26.982831725307605
110.073	99.7656	27.026032416518664
110.176	99.7813	26.72202755244084
110.277	99.8047	26.339621433942945
110.379	99.7891	26.47082353317653
110.48	99.8281	25.99561592985488
110.581	99.8281	25.846813549016783
110.683	99.8281	25.851613625818015
110.785	99.8828	25.09640154242468
110.886	99.8047	25.98601577625242
110.988	99.8359	25.86281380502088
111.089	99.8047	26.178018848301573
111.191	99.7344	27.290036640586248
111.292	99.7891	26.814829037264595
111.394	99.8047	26.38762220195523
111.496	99.7656	26.87883006128098
111.597	99.7578	27.149234387750205
111.698	99.7578	27.184434950959215
111.8	99.8281	26.211619385910176
111.901	99.8047	26.27082033312533
112.004	99.8359	25.933214931438904
112.105	99.8359	25.81481303700859
112.206	99.7891	26.47562360997776
112.308	99.8516	25.792412678602858
112.409	99.8359	25.765212243395894
112.511	99.8594	25.50120801932831
112.613	99.9219	24.544392710283365
112.714	99.875	24.963599417590682
112.816	99.7578	26.79242867885886
112.917	99.7891	26.829229267668282
113.018	99.8125	26.38442215075441
113.121	99.8281	26.077217235475768
113.222	99.8359	25.91241459863358
113.324	99.8594	25.557208915342645
113.425	99.8828	25.14120225923615
113.526	99.9141	24.614793836701388
113.628	99.875	25.040400646410344
113.73	99.8047	26.174818797100755
113.831	99.8359	26.011616185858973
113.933	99.8281	26.000416006656106
114.034	99.8281	26.035616569865116
114.136	99.8516	25.71241139858238
114.237	99.8516	25.62280996495944
114.338	99.8516	25.626010016160258
114.441	99.875	25.301204819277107
114.542	99.8359	25.755612089793438
114.644	99.8281	26.021216339461432
114.745	99.8359	25.947615161842588
114.846	99.7813	26.688427014832236
114.948	99.8047	26.582825325205203
115.05	99.875	25.518808300932815
115.151	99.8516	25.57960927374838
115.253	99.8047	26.331621305940896
115.354	99.7109	27.829245267924286
115.456	99.8125	26.779628474055585
115.558	99.7891	26.702827245235923
115.659	99.8359	26.141218259492152
115.761	99.8516	25.74121185938975
115.862	99.8047	26.336421382742124
115.963	99.7656	27.070833133330133
116.065	99.8047	26.68522696363142
116.167	99.8359	26.10121761948191
116.269	99.8359	25.984415750652012
116.37	99.8594	25.66281060496968
116.471	99.7813	26.66922670762732
116.573	99.8516	26.000416006656106
116.674	99.8359	25.94121505944095
116.777	99.7891	26.661226579625275
116.878	99.7656	27.176434822957166
116.979	99.9141	25.195603129650074
117.081	99.9141	24.60999375990016
117.182	99.8281	25.808412934606952
117.283	99.8359	26.038816621065937
117.386	99.8047	26.44682314917039
117.487	99.8594	25.811612985807773
117.589	99.8516	25.71241139858238
117.69	99.8984	25.09320149122386
117.791	99.7656	26.773228371653946
117.893	99.8281	26.43082289316629
117.995	99.8281	26.18601897630362
118.096	99.875	25.533208531336502
118.198	99.8516	25.678810860973776
118.299	99.8281	26.10121761948191
118.401	99.8281	26.197219155506488
118.502	99.8828	25.440407046512743
118.604	99.8516	25.66441063057009
118.706	99.8281	26.118817901086416
118.807	99.8516	25.890014240227842
118.908	99.8594	25.693211091377464
119.01	99.8359	25.99081585305365
119.111	99.8281	26.195619129906078
119.214	99.8125	26.450023200371206
119.315	99.8516	25.970015520248324
119.416	99.8828	25.384406150498407
119.518	99.9141	24.825997215955454
119.619	99.8828	25.13960223363574
119.722	99.8594	25.592409478551655
119.823	99.9219	24.822797164754636
119.924	99.8281	25.8996143938303
120.026	99.8516	25.947615161842588
120.127	99.8984	25.205203283252533
120.228	99.8828	25.243603897662364
120.331	99.8828	25.309204947279156
120.432	99.8359	25.965215443447097
120.534	99.8359	26.15241843869502
120.635	99.8984	25.286804588873423
120.736	99.8359	25.920414726635627
120.838	99.875	25.626010016160258
120.939	99.875	25.474007584121345
121.041	99.875	25.477207635322166
121.143	99.8984	25.150802412838605
121.244	99.8359	25.931614905838494
121.346	99.8828	25.522008352133636
121.447	99.7656	26.97163154610474
121.548	99.875	25.90281444503112
121.651	99.9453	24.491591865469847
121.752	99.8516	25.525208403334453
121.854	99.8828	25.45640730251684
121.955	99.8359	25.98761580185283
122.056	99.9219	24.971599545592728
122.158	99.875	25.28840461447383
122.26	99.9688	24.179586873389976
122.361	99.875	25.1332021312341
122.463	99.875	25.507608121729948
122.564	99.8125	26.382822125154004
122.666	99.8281	26.411622585961375
122.767	99.9609	24.504392070273123
122.869	100.0156	23.22117153874462
122.971	99.9844	23.445175122801963
123.072	99.8984	24.7667962687403
123.173	99.875	25.434006944111104
123.275	99.8828	25.41960671370742
123.377	99.8984	25.174802796844748
123.479	99.9141	24.897998367973887
123.58	99.9609	24.185986975791614
123.681	99.8984	24.878798060768972
123.783	99.9453	24.47399158386534
123.884	99.9453	24.288388614217826
123.986	99.9688	23.96358341733468
124.088	99.9219	24.52519240307845
124.189	99.9844	23.83558136930191
124.291	99.9141	24.57159314549033
124.392	99.9609	24.2003872061953
124.493	99.9688	23.90918254692075
124.596	99.9609	23.987583801340822
124.697	99.9453	24.23718779500472
124.799	99.9688	23.971583545336724
124.9	99.9844	23.66117857885726
125.001	99.8984	24.80359685754972
125.104	99.9688	24.169986719787516
125.205	99.9453	24.221187539000624
125.306	99.9453	24.31398902382438
125.408	100.0391	23.005168082689323
125.509	100.0781	22.08675338805421
125.611	99.9922	23.13637018192291
125.713	99.8984	24.779596473543577
125.814	99.9922	23.82758124129986
125.916	99.9453	24.11238579817277
126.017	99.9453	24.301188819021103
126.118	99.9453	24.302788844621514
126.22	99.9375	24.413190611049778
126.321	99.9922	23.683578937262997
126.424	99.9609	23.905982495719933
126.525	99.9141	24.68199491191859
126.626	99.9141	24.867597881566105
126.728	100.0156	23.449975199603195
126.829	100.0078	23.153970463527415
126.93	99.9609	23.840381446103137
127.033	99.9688	23.920382726123616
127.134	99.9375	24.329989279828478
127.236	99.9453	24.345989535832572
127.337	100.0156	23.336373381974113
127.438	99.9219	24.374789996639947
127.541	99.9453	24.422790764652234
127.642	100.0078	23.46117537880606
127.744	99.9453	24.093185490967855
127.845	99.9219	24.669194707115313
127.946	99.875	25.41960671370742
128.048	100.0313	23.42277476439623
128.15	100.0547	22.472359557752924
128.251	99.9844	23.366773868381895
128.353	99.9688	23.86438183010928
128.454	99.9922	23.600377606041697
128.556	100.0078	23.289972639562233
128.658	99.9688	23.771580345285525
128.759	99.9609	24.0339845437527
128.861	99.9453	24.28518856301701
128.962	100.0156	23.369973919582712
129.063	99.9453	24.078785260564167
129.165	100.0156	23.381174098785582
129.267	100.0391	22.77796444743116
129.369	99.9844	23.4515752252036
129.47	99.9609	23.99558392934287
129.571	99.9844	23.76038016608266
129.673	99.9453	24.214787436598986
129.774	99.9922	23.718779500472007
129.877	99.9453	24.189187026992432
129.978	100.0156	23.39237427798845
130.079	99.9609	23.883582137314196
130.181	99.9688	23.99238387814205
130.282	99.9453	24.288388614217826
130.384	99.9922	23.728379654074466
130.486	99.8828	25.077201235219764
130.587	99.9375	24.753996063937024
130.689	99.9609	24.213187410998575
130.79	99.9453	24.339589433430934
130.891	100.0078	23.526776428422856
130.994	99.9609	23.929982879726076
131.095	99.9453	24.333189331029295
131.196	99.9141	24.832397318357092
131.298	99.9219	24.8499975999616
131.399	99.9609	24.27558840941455
131.502	99.9688	24.011584185346965
131.603	99.9453	24.309188947023152
131.704	99.9688	24.07398518376294
131.806	99.9688	23.981183698939184
131.907	99.9453	24.309188947023152
132.009	99.8984	25.05800092801485
132.111	99.9453	24.597193555096883
132.212	99.9453	24.419590713451417
132.314	99.9688	24.093185490967855
132.415	99.9844	23.78278052448839
132.516	99.9219	24.597193555096883
132.618	99.9609	24.299588793420696
132.72	99.9609	24.144386310180963
132.822	99.9609	24.145986335781373
132.923	99.9688	24.03878462055393
133.024	99.9688	24.008384134146148
133.126	99.9219	24.664394630314085
133.227	99.9375	24.635594169506714
133.328	99.9922	23.809980959695356
133.431	99.9219	24.57159314549033
133.532	99.9609	24.305988895822335
133.634	99.9609	24.153986463783422
133.735	99.9609	24.15558648938383
133.836	99.9688	24.046784748555975
133.938	99.9609	24.125186002976047
134.04	99.9453	24.374789996639947
134.142	99.9688	24.107585721371542
134.243	99.9609	24.123585977375637
134.344	99.9453	24.373189971039537
134.446	99.9609	24.217987487799803
134.547	99.9219	24.701195219123505
134.649	99.8828	25.402006432102915
134.751	99.8828	25.557208915342645
134.852	100.0156	23.71077937246996
134.954	99.875	25.160402566441064
135.055	99.9141	25.17960287364598
135.156	99.9688	24.262788204611272
135.259	99.9688	24.046784748555975
135.36	99.8828	25.24680394886318
135.461	99.9375	24.817997087953408
135.563	99.9922	23.838781420502727
135.664	99.9609	24.056384902158435
135.766	99.9219	24.72679562873006
135.868	99.8828	25.42600681610906
135.969	99.8594	25.90761452183235
136.071	99.875	25.78601257620122
136.172	99.9375	24.85639770236324
136.273	99.9219	24.833997343957503
136.376	99.9453	24.573193171090736
136.477	99.9844	23.936382982127714
136.579	100.0078	23.453175250804012
136.68	99.9219	24.55719291508664
136.781	99.9453	24.566793068689098
136.883	99.9453	24.475591609465752
136.985	99.8984	25.12680202883246
137.087	99.8828	25.528408454535274
137.188	99.9453	24.72359557752924
137.289	99.8984	25.138002208035328
137.391	99.8984	25.325205203283254
137.492	99.9375	24.784396550344805
137.594	99.8984	25.17640282244516
137.696	99.875	25.66121057936927
137.797	99.8828	25.648410374565994
137.899	99.9453	24.745995935934975
138.0	99.9141	24.9331989311829
138.102	99.9688	24.291588665418647
138.204	99.9219	24.72679562873006
138.305	99.9219	24.912398598377575
138.406	99.9609	24.36838989423831
138.508	99.9375	24.542792684682954
138.609	99.8828	25.398806380902094
138.712	99.9141	25.17960287364598
138.813	99.9453	24.624393990303844
138.914	99.9688	24.174786796588744
139.016	99.9844	23.86438183010928
139.117	99.8984	25.000400006400103
139.218	99.9688	24.35238963823421
139.321	99.9141	24.830797292756685
139.422	99.9219	24.934798956783307
139.524	99.9688	24.249987999807995
139.625	99.9453	24.39079025264404
139.726	99.9922	23.82598121569945
139.829	99.9844	23.74917998687979
139.93	99.8984	24.977999647994366
140.032	99.8984	25.317205075281205
140.133	99.9609	24.448391174258788
140.234	99.8359	25.955615289844637
140.336	99.9453	24.92519880318085
140.438	99.9922	23.840381446103137
140.539	100.0156	23.33157330517288
140.641	99.9453	24.221187539000624
140.742	99.9219	24.829197267156275
140.844	100.0313	23.390774252388038
140.945	99.9453	24.1507864125826
141.047	100.0078	23.6179778876462
141.149	99.9609	24.03078449255188
141.25	99.8984	25.08840141442263
141.351	99.9453	24.678794860717773
141.453	99.9844	23.94918318693099
141.555	99.9141	24.776396422342756
141.657	99.875	25.600409606553704
141.758	99.9375	24.88839821437143
141.859	100.0078	23.66117857885726
141.961	99.9219	24.584393350293606
142.062	99.9688	24.27558840941455
142.165	99.8984	25.074001184018943
142.266	99.9141	25.13480215683451
142.367	99.9844	24.089985439767037
142.469	99.9219	24.686794988719818
142.57	99.8828	25.482007712123394
142.672	99.9922	24.11238579817277
142.774	99.9688	24.013184210947376
142.875	99.9609	24.216387462199396
142.977	99.8984	25.12360197763164
143.078	99.9375	24.830797292756685
143.179	99.9609	24.35238963823421
143.282	99.9688	24.1507864125826
143.383	99.9922	23.793980703691258
143.484	99.9453	24.35878974063585
143.586	99.9688	24.221187539000624
143.687	100.0078	23.582777324437192
143.79	100.0313	23.1011696187139
143.891	99.9609	23.989183826941233
143.992	99.9219	24.81159698555177
144.094	99.8984	25.29480471687547
144.195	99.9844	24.19398710379366
144.297	100.0078	23.531576505224084
144.399	100.0391	23.003568057088913
144.5	100.0391	22.881966111457782
144.602	99.9688	23.86438183010928
144.703	99.9219	24.798796780748493
144.804	99.9844	24.107585721371542
144.906	100.0391	23.096369541912672
145.008	99.9688	23.851581625306004
145.11	99.9219	24.779596473543577
145.211	100.0078	23.771580345285525
145.312	99.9922	23.654778476455622
145.414	99.9375	24.48199171186739
145.516	99.8984	25.243603897662364
145.617	99.9375	24.8499975999616
145.719	99.9609	24.36838989423831
145.82	99.9844	23.94918318693099
145.922	99.9453	24.40519048304773
146.023	99.9141	24.99719995519928
146.125	99.9688	24.36038976623626
146.227	99.9453	24.475591609465752
146.328	100.0156	23.590777452439237
146.43	99.9609	24.08198531176499
146.531	99.9219	24.84519752316037
146.633	99.9375	24.781196499143988
146.735	99.9688	24.28518856301701
146.836	100.0078	23.6179778876462
146.937	99.9688	24.011584185346965
147.039	100.0078	23.621177938847023
147.14	99.9219	24.662794604713675
147.243	99.9219	25.000400006400103
147.344	99.9844	24.131586105377686
147.445	99.9922	23.777980447687163
147.547	99.9922	23.74757996127938
147.648	99.9453	24.4003904062465
147.749	99.9922	23.928382854125665
147.852	99.9688	24.06918510696171
147.953	99.9375	24.597193555096883
148.055	99.9844	24.064385030160484
148.156	99.9922	23.769980319685114
148.257	99.9922	23.739579833277332
148.359	100.0859	22.427558840941455
148.461	99.9453	24.00198403174451
148.562	99.9922	23.886782188515017
148.664	99.9219	24.678794860717773
148.765	99.9688	24.299588793420696
148.867	99.9453	24.44199107185715
148.969	99.9844	23.99558392934287
149.07	99.9141	24.832397318357092
149.172	99.9922	24.019584313349014
149.273	99.9453	24.36198979183667
149.375	99.9688	24.217987487799803
149.476	99.9688	24.125186002976047
149.578	99.9688	24.126786028576458
149.68	99.9844	23.90758252132034
149.781	99.9688	24.064385030160484
149.882	99.9844	23.90758252132034
149.984	100.0156	23.408374533992543
150.085	99.9844	23.718779500472007
150.188	99.9922	23.733179730875694
150.289	100.0078	23.485175762812204
150.39	99.9844	23.7507800124802
150.492	99.9219	24.71879550072801
150.593	99.9922	23.99078385254164
150.694	99.9922	23.71557944927119
150.797	99.9453	24.3667898686379
150.898	99.9844	24.0003840061441
151.0	99.9922	23.736379782076515
151.101	99.9922	23.70597929566873
151.202	99.9453	24.36198979183667
151.304	100.0078	23.675578809260948
151.406	99.9922	23.641978271652345
151.508	99.9922	23.702779244467912
151.609	99.9609	24.137986207779324
151.71	99.9922	23.822781164498632
151.812	100.0156	23.371573945183123
151.913	100.0078	23.38757420118722
152.015	100.0156	23.307572921166738
152.117	100.0313	23.05796892750284
152.218	100.0547	22.669162706603306
152.32	100.0078	23.232371717947487
152.421	99.9609	24.07238515816253
152.523	99.9375	24.584393350293606
152.625	99.9375	24.677194835117362
152.726	100.0547	23.04676874829997
152.827	99.9922	23.46277540440647
152.929	100.0391	23.05476887630202
153.03	99.9844	23.629178066849068
153.133	99.9375	24.497991967871485
153.234	99.9375	24.683594937519
153.335	99.9688	24.246787948607178
153.437	99.9609	24.2339877438039
153.538	99.9688	24.15718651498424
153.639	99.9375	24.56519304308869
153.742	99.9844	24.04038464615434
153.843	99.9844	23.861181778908463
153.945	99.9844	23.861181778908463
154.046	100.0156	23.42597481559705
154.147	99.9922	23.63237811804989
154.249	99.9453	24.381190099041586
154.351	99.9922	23.91558264932239
154.453	100.0625	22.752364037824606
154.554	99.9922	23.454775276404423
154.655	99.9688	24.057984927758845
154.757	99.9688	24.15238643818301
154.858	99.9688	24.15238643818301
154.959	99.9219	24.80999695995136
155.062	100.0078	23.801980831693307
155.163	99.9688	24.008384134146148
155.265	99.9922	23.8339813437015
155.366	100.0078	23.523576377222035
155.467	99.9219	24.665994655914496
155.57	99.9609	24.465991455863293
155.671	100.0156	23.550776812429
155.772	100.0625	22.680362885806172
155.874	100.0391	22.817965087441397
155.975	99.9453	24.222787564601035
156.077	99.9453	24.595593529496472
156.178	99.9453	24.595593529496472
156.28	99.9141	25.035600569609112
156.382	100.0078	23.849981599705597
156.483	99.9453	24.347589561432983
156.585	99.9922	23.936382982127714
156.686	99.9688	24.07718523496376
156.788	99.9375	24.60519368309893
156.89	99.9375	24.72839565433047
156.991	99.9609	24.40359045744732
157.092	99.8828	25.408406534504554
157.194	99.9688	24.51879230067681
157.295	99.9375	24.611593785500567
157.398	99.9375	24.73639578233252
157.499	99.9219	24.955599289588633
157.6	99.9453	24.68999503992064
157.702	99.9453	24.59879358069729
157.803	99.9219	24.926798828781262
157.904	99.9375	24.80199683194931
158.007	99.9688	24.304388870221924
158.108	99.9688	24.179586873389976
158.21	99.9609	24.289988639818237
158.311	99.9688	24.213187410998575
158.412	99.9453	24.512392198275172
158.514	100.0078	23.731579705275283
158.616	99.8984	24.998799980799692
158.718	99.9141	25.203603257652123
158.819	99.9375	24.816397062352998
158.92	99.9688	24.289988639818237
159.022	99.9219	24.821197139154226
159.123	99.9141	25.118801900830412
159.225	99.9219	25.04360069761116
159.327	99.9453	24.686794988719818
159.428	100.0078	23.723579577273238
159.53	99.8984	25.01160018560297
159.631	99.9141	25.232403718459494
159.733	99.9375	24.84679754876078
159.835	99.9219	24.97479959679355
159.936	99.875	25.691611065777053
160.037	100.0078	24.017984287748604
160.139	99.9844	23.81958111329781
160.24	99.9219	24.784396550344805
160.343	99.9219	25.030800492807884
160.444	99.9375	24.814797036752587
160.545	100.0078	23.771580345285525
160.647	99.9453	24.3667898686379
160.748	100.0078	23.74597993567897
160.849	99.9688	24.048384774156386
160.952	99.8828	25.397206355301684
161.053	99.9375	24.96519944319109
161.155	99.8516	25.95081521304341
161.256	99.875	25.970015520248324
161.357	99.8984	25.554008864141828
161.46	99.9141	25.24520392326277
161.561	99.9375	24.859597753564056
161.663	99.8984	25.317205075281205
161.764	99.9219	25.149202387238194
161.865	99.8984	25.387606201699228
161.967	99.9375	24.936398982383718
162.069	99.9141	25.107601721627546
162.17	99.8984	25.41800668810701
162.272	99.875	25.810012960207363
162.373	99.9688	24.60199363189811
162.475	99.9922	23.90758252132034
162.577	99.8594	25.65641050256804
162.678	99.9375	25.075601209619354
162.78	99.9453	24.657994527912447
162.881	99.8984	25.28200451207219
162.982	99.875	25.795612729803675
163.084	99.9219	25.235603769660315
163.186	99.9609	24.507592121473945
163.288	99.9453	24.577993247891968
163.389	99.9609	24.424390790252644
163.49	100.0078	23.70757932126914
163.592	99.8984	25.05160082561321
163.694	99.9375	24.949199187186995
163.796	99.9922	24.0339845437527
163.897	99.9375	24.577993247891968
163.998	99.8984	25.341205459287348
164.1	99.8984	25.49800796812749
164.201	99.8828	25.717211475383607
164.303	99.9219	25.237203795260726
164.405	99.8828	25.634010144162307
164.506	99.9453	24.92199875198003
164.608	99.8984	25.33640538248612
164.709	99.9688	24.545992735883775
164.81	99.8984	25.25640410246564
164.913	99.875	25.8660138562217
165.014	99.8984	25.634010144162307
165.115	99.9375	24.998799980799692
165.217	99.9219	25.062801004816077
165.318	99.8594	25.998815981055696
165.421	99.8984	25.70121121937951
165.522	99.8984	25.550808812941007
165.623	99.9219	25.226003616057856
165.725	99.9453	24.80679690875054
165.826	99.9219	25.04200067201075
165.927	99.9375	24.915598649578392
166.03	99.8516	26.046816749067986
166.131	99.8516	26.381222099553593
166.233	99.9922	24.417990687851006
166.334	99.9375	24.621193939103026
166.435	99.9688	24.39879038064609
166.537	99.8359	26.133218131490104
166.639	99.9453	25.150802412838605
166.741	99.8828	25.608409734555753
166.842	99.8516	26.294820717131476
166.943	99.8516	26.421222739563834
167.045	99.9375	25.22280356485704
167.146	99.9141	25.20840333445335
167.248	99.8359	26.39242227875646
167.35	99.9453	25.17000272004352
167.451	99.8984	25.38920622729964
167.553	99.875	25.90281444503112
167.654	99.875	25.998815981055696
167.755	99.875	26.002016032256517
167.858	99.8828	25.89641434262948
167.959	99.8984	25.6500104001664
168.06	99.9844	24.38919022704363
168.162	99.9141	25.026000416006656
168.263	99.8984	25.522008352133636
168.365	99.8828	25.805212883406135
168.467	99.8984	25.653210451367222
168.568	99.9375	25.04840077441239
168.67	99.8359	26.315621049936798
168.771	99.8984	25.85321365141842
168.873	99.8984	25.61160978575657
168.974	99.9141	25.397206355301684
169.076	99.875	25.882014112225797
169.178	99.8984	25.71081137298197
169.279	99.8359	26.490023840381447
169.38	99.8828	26.082017312276996
169.482	99.9453	25.024400390406246
169.584	99.9375	24.88519816317061
169.686	99.9375	24.915598649578392
169.787	100.0156	23.82918126690027
169.888	99.9375	24.617993887902205
169.99	99.8516	26.131618105889693
170.091	99.9219	25.49800796812749
170.193	99.8984	25.550808812941007
170.295	99.9219	25.317205075281205
170.396	99.9141	25.33480535688571
170.498	99.9141	25.366805868893902
170.599	99.8359	26.458023328373255
170.7	99.8594	26.43882302116834
170.803	99.9453	25.150802412838605
170.904	99.9453	24.816397062352998
171.006	99.9219	25.146002336037377
171.107	99.875	25.893214291428663
171.208	99.8594	26.298020768332293
171.31	99.9375	25.270804332869325
171.412	99.9453	24.851597625562007
171.513	99.9219	25.152402438439015
171.615	99.8828	25.79401270420327
171.716	99.8516	26.38762220195523
171.818	99.9688	24.870797932766923
171.919	99.9688	24.40519048304773
172.021	99.9219	25.05960095361526
172.123	99.9844	24.369989919838716
172.224	99.8828	25.53640858253732
172.325	99.9141	25.49800796812749
172.427	99.9922	24.2835885374166
172.528	99.9219	24.952399238387816
172.631	99.875	25.883614137826203
172.732	99.9219	25.4164066625066
172.833	99.9219	25.235603769660315
172.935	99.8594	26.112417798684778
173.036	99.9375	25.275604409670553
173.137	99.9609	24.64519432310917
173.24	99.9141	25.202003232051712
173.341	99.9141	25.384406150498407
173.443	99.8594	26.15081841309461
173.544	99.8984	25.82921326741228
173.645	99.9219	25.350805612889808
173.747	99.9609	24.713995423926782
173.849	99.8984	25.42600681610906
173.951	99.8984	25.66761068177091
174.052	99.875	25.99721595545529
174.153	99.9219	25.435606969711515
174.255	99.9688	24.595593529496472
174.356	99.9922	24.0835853373654
174.458	99.9609	24.427590841453462
174.56	99.875	25.754012064193027
174.661	99.9141	25.555608889742235
174.763	99.8984	25.624409990559847
174.864	99.8984	25.688411014576232
174.966	99.9141	25.474007584121345
175.068	99.875	25.962015392246276
175.169	99.8281	26.773228371653946
175.27	99.875	26.30442087073393
175.372	99.9453	25.138002208035328
175.473	99.9453	24.859597753564056
175.576	99.9141	25.29640474247588
175.677	99.9141	25.421206739307827
175.778	99.8984	25.643610297764763
175.88	99.9219	25.37960607369718
175.981	99.9453	24.961999391990272
176.082	99.9375	24.981199699195187
176.185	99.9375	25.01320021120338
176.286	99.8516	26.22121953951263
176.388	99.8516	26.565225043600698
176.489	99.9141	25.69801116817869
176.59	99.9688	24.68999503992064
176.692	99.9688	24.47399158386534
176.793	99.8984	25.45480727691643
176.896	99.875	26.059616953871263
176.997	99.8984	25.827613241811868
177.098	99.9141	25.520408326533225
177.2	99.9219	25.350805612889808
177.301	99.9141	25.430806892910287
177.402	99.9688	24.697995167922688
177.505	99.9922	24.153986463783422
177.606	99.8828	25.589209427350838
177.708	99.9375	25.25160402566441
177.809	99.9141	25.362005792092674
177.91	99.9141	25.45640730251684
178.013	99.9219	25.349205587289397
178.114	99.9141	25.430806892910287
178.215	99.8359	26.55722491559865
178.317	99.875	26.328421254740075
178.418	99.9453	25.194003104049663
178.52	99.9219	25.24520392326277
178.622	99.8516	26.315621049936798
178.723	99.8516	26.58922542760684
178.825	99.9219	25.610009760156164
178.926	99.9219	25.331605305684892
179.028	99.9219	25.33480535688571
179.129	99.8984	25.66281060496968
179.23	99.8281	26.741227859645754
179.333	99.9141	25.82921326741228
179.434	99.8516	26.365221843549495
179.535	99.8984	25.957215315445048
179.637	99.8984	25.773212371397943
179.738	99.8516	26.42922286756588
179.84	99.8047	27.272436358981743
179.942	99.8984	26.165218643498296
180.043	99.9922	24.491591865469847
180.145	99.9922	24.12038592617482
180.246	99.9453	24.77319637114194
180.347	99.9375	25.067601081617305
180.449	99.8984	25.646810348965584
180.551	99.9609	24.93799900798413
180.653	99.8984	25.57480919694715
180.754	99.9141	25.608409734555753
180.855	99.9375	25.221203539256628
180.957	99.8828	25.894814317029073
181.059	99.9141	25.683610937775004
181.161	99.875	26.114017824285188
181.262	99.8984	25.94601513624218
181.363	99.8828	26.075617209875357
181.465	99.9141	25.70281124497992
181.566	99.875	26.125218003488055
181.668	99.875	26.2820205123282
181.77	99.875	26.285220563529016
181.871	99.9219	25.635610169762717
181.973	99.8828	26.002016032256517
182.074	99.9453	25.29000464007424
182.175	99.9141	25.485207763324212
182.278	99.8828	26.046816749067986
182.379	99.9219	25.62761004176067
182.48	99.9688	24.819597113553815
182.582	99.8828	25.837213395414327
182.683	99.9141	25.74761196179139
182.785	99.8594	26.39242227875646
182.887	99.8594	26.614825837213395
182.988	99.8828	26.290020640330244
183.09	99.8984	25.98121569945119
183.191	99.8828	26.139618233891742
183.292	99.8594	26.531624505992095
183.394	99.9453	25.432406918510697
183.496	99.8594	26.294820717131476
183.598	99.8984	26.086817389078224
183.699	99.8828	26.15081841309461
183.8	99.8828	26.214819437110993
183.902	99.9375	25.45320725131602
184.003	99.8984	25.78121249939999
184.106	99.875	26.26442023072369
184.207	99.8281	27.013232211715387
184.308	99.9219	25.886814189027024
184.41	99.875	26.173218771500345
184.511	99.8984	26.037216595465527
184.613	99.8359	26.819629114065826
184.715	99.8281	27.176434822957166
184.816	99.8594	26.776428422854767
184.918	99.8516	26.76842829485272
185.019	99.8984	26.15081841309461
185.12	99.9375	25.422806764908238
185.223	99.9219	25.486807788924622
185.324	99.9375	25.331605305684892
185.425	99.8984	25.819613113809822
185.527	99.8125	27.178034848557576
185.628	99.8828	26.546024736395783
185.731	99.8594	26.600425606809708
185.832	99.9141	25.933214931438904
185.933	99.9688	24.955599289588633
186.035	99.9219	25.395606329701277
186.136	99.9219	25.58440935054961
186.238	99.9453	25.258004128066048
186.34	99.8984	25.816413062609
186.441	99.9375	25.450007200115202
186.543	99.9688	24.861197779164467
186.644	99.9375	25.17160274564393
186.745	99.875	26.171618745899934
186.847	99.9609	25.219603513656217
186.949	99.8984	25.744411910590568
187.051	99.9453	25.33000528008448
187.152	99.8828	26.014816237059794
187.253	99.9219	25.714011424182786
187.355	99.9219	25.562008992143873
187.456	99.9453	25.237203795260726
187.558	99.9688	24.819597113553815
187.66	99.8594	26.261220179522873
187.761	99.9219	25.82921326741228
187.863	99.9609	25.040400646410344
187.964	99.9219	25.430806892910287
188.066	99.9375	25.366805868893902
188.168	99.9609	24.979599673594777
188.269	99.8984	25.758812140994255
188.37	99.8984	26.005216083457334
188.472	99.9453	25.354005664090625
188.573	99.9453	25.17320277124434
188.675	99.9453	25.174802796844748
188.777	99.9453	25.174802796844748
188.878	99.9375	25.286804588873423
188.98	99.9453	25.21000336005376
189.081	99.9609	24.961999391990272
189.183	99.8516	26.43402294436711
189.284	99.9219	25.893214291428663
189.386	99.9844	24.749195987135796
189.488	99.9141	25.490007840125443
189.589	99.875	26.315621049936798
189.69	99.9219	25.81481303700859
189.792	99.9219	25.630810092961486
189.893	99.9609	25.08840141442263
189.996	99.9609	24.936398982383718
190.097	99.8984	25.810012960207363
190.198	99.875	26.38442215075441
190.3	99.9375	25.606809708955343
190.401	99.9609	25.032400518408295
190.502	99.8984	25.818013088209412
190.605	99.9609	25.203603257652123
190.706	99.8516	26.498023968383492
190.808	99.9609	25.405206483303733
190.909	99.9219	25.514008224131587
191.01	99.8516	26.653226451623226
191.113	99.9688	25.30600489607834
191.214	99.8594	26.371621945951134
191.316	99.8984	26.254820077121234
191.417	99.9844	24.905998495975936
191.518	100.0156	24.133186130978096
191.62	99.9688	24.664394630314085
191.722	99.875	26.15241843869502
191.823	99.8984	26.18761900190403
191.925	99.9375	25.550808812941007
192.026	99.9375	25.397206355301684
192.128	99.875	26.27402038432615
192.23	99.9219	25.874013984223748
192.331	99.9609	25.147602361637787
192.433	99.9609	24.995599929598875
192.534	99.9453	25.21480343685499
192.635	99.9453	25.275604409670553
192.737	99.8984	25.933214931438904
192.838	100.0156	24.48999183986944
192.941	99.9688	24.683594937519
193.042	99.9922	24.541192659082544
193.143	99.9688	24.779596473543577
193.245	99.9688	24.872397958367333
193.346	99.9844	24.656394502312036
193.447	99.9219	25.470807532920528
193.55	100.0313	24.205187282996526
193.651	100.0156	24.003584057344916
193.753	99.9922	24.392390278244452
193.854	99.9688	24.81159698555177
193.955	99.9922	24.576393222291557
194.058	100.0625	23.50437607001712
194.159	100.0156	23.88038208611338
194.261	100.0078	24.171586745387927
194.362	99.9609	24.85639770236324
194.463	99.9688	24.92999887998208
194.565	99.9453	25.227603641658266
194.667	99.9844	24.781196499143988
194.768	99.9609	24.96039936638986
194.87	99.9688	24.944399110385767
194.971	100.0391	23.934782956527304
195.073	99.9844	24.425990815853055
195.175	99.9922	24.536392582281316
195.276	99.9609	24.944399110385767
195.378	100.0078	24.414790636650185
195.479	100.0078	24.227587641402263
195.58	99.9844	24.55559288948623
195.682	100.0156	24.213187410998575
195.784	100.0078	24.2003872061953
195.886	100.0078	24.23078769260308
195.987	99.9922	24.446791148658377
196.088	100.0391	23.851581625306004
196.19	100.0313	23.774780396486342
196.291	100.0156	24.022784364549832
196.394	99.9922	24.409990559848957
196.495	100.0156	24.176386822189155
196.596	99.9922	24.411590585449368
196.698	100.0078	24.28678858861742
196.799	99.9453	25.09480151682427
196.9	100.0313	24.136386182178914
197.003	100.0313	23.793980703691258
197.104	100.0078	24.12038592617482
197.206	99.9922	24.429190867053872
197.307	99.9688	24.817997087953408
197.408	99.9453	25.238803820861133
197.51	100.0313	24.131586105377686
197.612	99.9688	24.65319445111122
197.713	99.9844	24.67559480951695
197.815	99.9922	24.504392070273123
197.916	99.9844	24.582793324693196
198.018	99.9453	25.160402566441064
198.12	99.9688	24.993999903998464
198.221	99.9375	25.34280548488776
198.323	100.0391	24.046784748555975
198.424	100.0391	23.641978271652345
198.526	99.9922	24.297988767820286
198.627	100.0078	24.265988255812093
198.729	100.0313	23.878782060512968
198.831	100.0313	23.785980575689212
198.932	100.0547	23.45957535320565
199.033	99.9609	24.678794860717773
199.135	100.0313	24.0675850813613
199.236	100.0078	24.11398582377318
199.339	100.0313	23.878782060512968
199.44	100.0078	24.11238579817277
199.541	99.9922	24.422790764652234
199.643	99.9688	24.813197011152177
199.744	100.0547	23.70917934686955
199.845	100.0313	23.7011792188675
199.948	100.0313	23.793980703691258
200.049	100.0156	24.011584185346965
200.151	100.0781	23.195571129138067
200.252	100.0313	23.598777580441286
200.353	100.0391	23.67077873245972
200.455	100.0313	23.74917998687979
200.557	100.0156	23.99558392934287
200.658	99.9922	24.384390150242403
200.76	100.0313	23.933182930926893
200.861	99.9219	25.312404998479977
200.963	100.0313	24.217987487799803
201.064	100.0547	23.454775276404423
201.166	99.9688	24.56039296628746
201.268	100.0156	24.24038784620554
201.369	100.0547	23.509176146818348
201.471	100.1016	22.697963167410677
201.572	100.0078	23.814781036496584
201.674	100.0391	23.74597993567897
201.776	100.0078	24.061184978959663
201.877	100.0391	23.7507800124802
201.978	100.0078	24.064385030160484
202.08	100.0391	23.75238003808061
202.181	99.9688	24.60519368309893
202.284	100.0625	23.574777196435143
202.385	100.0313	23.641978271652345
202.486	100.0078	24.089985439767037
202.588	99.875	26.040416646666348
202.689	99.9688	25.266004256068097
202.79	100.0859	23.26117217875486
202.893	100.0391	23.440375046000735
202.994	99.9609	24.713995423926782
203.096	99.9844	24.697995167922688
203.197	100.0547	23.62437799004784
203.298	100.0391	23.568377094033504
203.401	100.0781	23.085169362709802
203.502	99.9688	24.456391302260837
203.604	100.0156	24.225987615801852
203.705	100.0313	23.822781164498632
203.806	99.9844	24.416390662250596
203.908	100.0313	23.94758316133058
204.01	99.9688	24.625994015904254
204.111	100.0156	24.209987359797758
204.213	99.9922	24.3507896126338
204.314	100.0391	23.79238067809085
204.416	100.0313	23.7171794748716
204.518	100.0391	23.640378246051938
204.619	100.0313	23.718779500472007
204.721	100.0391	23.638778220451528
204.822	100.125	22.40995855933695
204.923	100.0391	23.275572409158546
205.025	100.0156	23.942783084529353
205.127	100.0547	23.493175890814253
205.229	99.9688	24.547592761484182
205.33	100.0781	23.366773868381895
205.431	100.1094	22.5011600185603
205.533	100.0859	22.701163218611498
205.635	100.0391	23.445175122801963
205.737	99.9922	24.281988511816188
205.838	100.0391	23.813181010896173
205.939	100.0313	23.737979807676922
206.041	99.9453	24.96999951999232
206.142	100.0391	24.008384134146148
206.244	100.0156	23.966783468535496
206.346	100.0547	23.51077617241876
206.447	100.0391	23.571577145234325
206.549	100.0859	22.97476759628154
206.65	100.0391	23.438775020400325
206.751	100.0078	24.057984927758845
206.854	100.0156	24.07398518376294
206.955	99.9922	24.369989919838716
207.056	99.9609	24.897998367973887
207.158	100.0078	24.36838989423831
207.259	100.1016	22.875566009056143
207.362	100.0313	23.485175762812204
207.463	100.0078	24.086785388566216
207.564	99.9688	24.72519560312965
207.666	100.0859	23.241971871549946
207.767	99.9688	24.40519048304773
207.868	100.0156	24.206787308596937
207.971	100.0078	24.128386054176868
208.072	100.1016	22.84356549704795
208.174	100.0547	23.125170002720044
208.275	100.0391	23.526776428422856
208.376	99.9688	24.57159314549033
208.479	100.0156	24.19558712939407
208.58	100.0078	24.117185874974
208.682	100.0156	24.03718459495352
208.783	100.0156	24.005184082945327
208.884	100.0156	24.005184082945327
208.986	100.0781	23.12997007952127
209.087	100.1328	22.1187539000624
209.189	99.9688	24.18758700139202
209.291	100.0625	23.515576249219986
209.392	100.0078	23.90278244451911
209.494	99.9922	24.334789356629706
209.595	99.9688	24.72359557752924
209.697	99.9922	24.48839181426903
209.799	100.0156	24.06918510696171
209.9	99.9688	24.630794092705482
210.001	99.9922	24.485191763068208
210.103	100.0156	24.064385030160484
210.204	99.9922	24.297988767820286
210.307	99.9922	24.39079025264404
210.408	100.0156	24.062785004560073
210.509	100.0156	23.971583545336724
210.611	100.0156	23.971583545336724
210.712	100.0313	23.75238003808061
210.814	100.0547	23.363573817181074
210.915	99.9844	24.24838797420759
211.017	100.0313	23.87078193251092
211.119	100.0547	23.358773740379846
211.22	100.0547	23.26277220435527
211.321	100.0313	23.590777452439237
211.423	100.0781	23.02596841549465
211.524	100.0625	23.05636890190243
211.627	100.0391	23.441975071601146
211.728	100.0625	23.206771308340933
211.829	100.0547	23.22277156434503
211.931	100.0391	23.470775532408517
212.032	100.0391	23.531576505224084
212.133	99.9844	24.296388742219875
212.236	99.9922	24.40679050864814
212.337	100.0781	23.17797084753356
212.439	100.0547	23.168370693931102
212.54	100.0313	23.58597737563801
212.641	100.0547	23.34917358677739
212.743	100.0625	23.14597033552537
212.845	100.0547	23.22117153874462
212.946	100.0547	23.249971999551992
213.048	100.0078	23.9011824189187
213.149	99.9922	24.302788844621514
213.251	100.0156	24.03718459495352
213.352	100.0156	23.942783084529353
213.454	99.9922	24.26918830701291
213.556	99.9688	24.68999503992064
213.657	100.0391	23.803580857293717
213.759	100.0547	23.31077297236756
213.86	100.0781	22.920366725867613
213.961	100.0078	23.811580985295766
214.064	100.0781	23.112369797916767
214.165	100.0547	23.160370565929053
214.266	100.0547	23.251572025152402
214.368	99.9922	24.123585977375637
214.469	100.0547	23.50277604441671
214.571	100.1016	22.600361605785693
214.673	100.0547	23.06116897870366
214.774	100.0156	23.78758060128962
214.876	100.1016	22.73956383302133
214.977	100.0547	23.048368773900382
215.078	99.9922	24.10438567017072
215.181	100.0391	23.704379270068323
215.282	100.0391	23.523576377222035
215.384	100.0078	23.960383366133858
215.485	100.0078	24.0835853373654
215.586	100.0078	24.0835853373654
215.688	100.0625	23.318773100369604
215.789	100.0391	23.42597481559705
215.892	100.0391	23.517176274820397
215.993	100.1328	22.20835533368534
216.094	100.0625	22.824365189843036
216.196	100.0781	22.881966111457782
216.297	100.0391	23.361973791580667
216.398	100.0625	23.1843709499352
216.501	100.0781	22.872365957855326
216.602	99.9688	24.334789356629706
216.704	100.0391	23.777980447687163
216.805	100.0625	23.169970719531513
216.906	100.0391	23.405174482791725
217.008	100.0625	23.169970719531513
217.11	100.0781	22.85796572745164
217.211	100.0859	22.6851629626074
217.313	100.0078	23.74597993567897
217.414	100.0859	22.968367493879903
217.516	100.0781	22.76996431942911
217.618	99.9922	23.99238387814205
217.719	99.9219	25.309204947279156
217.821	100.0078	24.387590201443224
217.922	100.0156	23.936382982127714
218.023	100.0625	23.248371973951585
218.125	100.0547	23.169970719531513
218.227	100.0547	23.198771180338884
218.329	100.0547	23.197171154738477
218.43	99.9688	24.392390278244452
218.531	100.0156	24.07238515816253
218.633	100.0156	23.886782188515017
218.734	99.9922	24.211587385398165
218.836	99.9688	24.632394118305893
218.938	100.0625	23.42597481559705
219.039	100.0625	23.06436902990448
219.141	100.0781	22.84356549704795
219.242	99.9922	23.976383622137956
219.343	100.0078	24.093185490967855
219.445	100.1328	22.28355653690459
219.547	100.0625	22.755564089025423
219.649	99.9922	24.009984159746555
219.75	100.0781	23.09316949071185
219.851	100.0078	23.741179858877743
219.953	100.0781	23.035568569097105
220.055	100.1016	22.427558840941455
220.156	100.0156	23.539576633226133
220.258	100.0781	23.01156818509096
220.359	99.9922	23.968383494135907
220.461	100.0156	23.981183698939184
220.562	99.9688	24.541192659082544
220.664	99.9688	24.72519560312965
220.766	100.0547	23.521976351621625
220.867	99.9688	24.376390022240354
220.969	100.0625	23.398774380390087
221.07	100.0391	23.350773612377797
221.171	99.9922	24.097985567769083
221.274	100.0313	23.741179858877743
221.375	100.0625	23.150770412326597
221.476	99.9688	24.339589433430934
221.578	100.0547	23.51077617241876
221.679	100.0625	23.05796892750284
221.781	100.0625	23.02596841549465
221.883	99.9609	24.4339909438551
221.984	99.9453	25.04360069761116
222.086	99.9688	24.779596473543577
222.187	100.0313	23.816381062096994
222.288	99.9844	24.227587641402263
222.391	100.0078	24.088385414166627
222.492	99.9688	24.541192659082544
222.594	99.9688	24.694795116721867
222.695	100.0078	24.1507864125826
222.796	100.1016	22.6851629626074
222.898	100.0859	22.52996047936767
223.0	100.0625	22.915566649066385
223.102	100.0078	23.771580345285525
223.203	99.9844	24.31558904942479
223.304	100.0781	23.09476951631226
223.406	100.0391	23.2675722811565
223.507	100.0781	22.877166034656554
223.609	100.0078	23.702779244467912
223.711	99.8984	25.50920814733036
223.812	99.9922	24.641994271908352
223.914	100.0313	23.728379654074466
224.015	99.9844	24.22438759020144
224.117	100.0078	24.08198531176499
224.219	100.0391	23.55237683802941
224.32	100.0078	23.862781804508874
224.421	99.9922	24.20358725739612
224.523	100.0156	23.937983007728125
224.624	99.9844	24.27878846061537
224.727	99.9844	24.401990431846908
224.828	100.0078	24.07558520936335
224.929	99.9844	24.312388998223973
225.031	100.0156	23.968383494135907
225.132	100.0547	23.29957279316469
225.233	99.9844	24.131586105377686
225.336	99.9922	24.304388870221924
225.437	99.9609	24.71239539832637
225.539	100.0156	24.07238515816253
225.64	99.9922	24.181186898990383
225.741	100.0156	23.944383110129763
225.844	100.0078	23.958783340533447
225.945	99.9922	24.208387334197347
226.047	99.9844	24.377990047840765
226.148	100.0156	23.974783596537545
226.249	99.9922	24.179586873389976
226.351	99.9688	24.6003936062977
226.453	99.9141	25.45480727691643
226.554	100.0078	24.35238963823421
226.656	100.0313	23.653178450855215
226.757	100.0313	23.55877694043105
226.859	99.9688	24.432390918254693
226.96	99.9922	24.355589689435032
227.062	99.9453	24.918798700779213
227.164	99.9375	25.211603385654172
227.265	99.8828	26.006816109057745
227.366	99.9375	25.45640730251684
227.468	100.0625	23.493175890814253
227.57	99.9453	24.625994015904254
227.672	99.9453	25.08840141442263
227.773	99.9609	24.870797932766923
227.874	99.9375	25.13960223363574
227.976	99.9453	25.12520200323205
228.077	99.9844	24.550792812685003
228.18	99.9219	25.269204307268915
228.281	99.8828	26.06121697947167
228.382	100.0078	24.465991455863293
228.484	99.9219	25.17320277124434
228.585	99.9375	25.2996047936767
228.686	100.0078	24.254788076609227
228.789	99.9375	24.953999263988223
228.89	99.875	26.10281764508232
228.992	99.9375	25.475607609721756
229.093	99.9219	25.445207123313974
229.194	99.9375	25.29000464007424
229.297	99.9453	25.120401926430823
229.398	99.9219	25.41800668810701
229.499	99.9688	24.85479767676283
229.601	99.9688	24.670794732715724
229.702	99.9141	25.432406918510697
229.804	99.9844	24.662794604713675
229.906	99.9453	24.92519880318085
230.007	99.9375	25.186002976047618
230.109	99.9453	25.109201747227957
230.21	99.9453	25.078801260820175
230.311	99.8984	25.736411782588522
230.413	99.8984	25.926814829037266
230.514	99.9141	25.71081137298197
230.617	99.9609	24.995599929598875
230.718	99.875	26.006816109057745
230.819	99.8828	26.23561976991632
230.921	99.9141	25.771612345797532
231.022	99.9375	25.322005152082433
231.125	99.9844	24.577993247891968
231.226	99.9609	24.72199555192883
231.327	99.9219	25.362005792092674
231.429	99.9844	24.64359429750876
231.53	99.9375	25.04840077441239
231.631	99.9688	24.795596729547672
231.734	99.9141	25.434006944111104
231.835	99.9219	25.54120865933855
231.937	99.9688	24.85639770236324
232.038	99.9141	25.432406918510697
232.139	99.8984	25.8660138562217
232.242	99.8828	26.1492183874942
232.343	99.8594	26.539624633994144
232.444	99.8828	26.306020896334342
232.546	99.8516	26.651626426022816
232.647	99.8828	26.339621433942945
232.749	99.8828	26.218019488311814
232.851	99.9141	25.78761260180163
232.952	99.9375	25.341205459287348
233.054	99.9609	24.92199875198003
233.155	99.9219	25.37480599689595
233.257	99.9375	25.309204947279156
233.358	99.875	26.120417926686827
233.46	99.9844	24.84199747195955
233.562	99.9609	24.744395910334564
233.663	99.9141	25.49160786572585
233.764	99.8516	26.55242483879742
233.866	99.875	26.47562360997776
233.968	99.8359	26.92683082929327
234.07	99.875	26.533224531592506
234.171	99.9219	25.728411654586473
234.272	99.9375	25.32840525448407
234.374	99.8984	25.81481303700859
234.475	99.9141	25.755612089793438
234.577	99.9688	24.9331989311829
234.679	99.9219	25.37640602249636
234.78	99.875	26.218019488311814
234.882	99.9219	25.74761196179139
234.983	99.8516	26.54282468519496
235.085	99.9609	25.29640474247588
235.187	99.8984	25.74601193619098
235.288	99.9141	25.77961247379958
235.39	99.9453	25.283604537672602
235.491	99.8984	25.813213011408184
235.592	99.8984	25.998815981055696
235.695	99.8594	26.546024736395783
235.796	99.8516	26.811628986063777
235.897	99.8984	26.18921902750444
235.999	99.8828	26.224419590713453
236.1	99.9453	25.41960671370742
236.202	99.9219	25.504408070529127
236.304	99.9141	25.709211347381558
236.405	99.9375	25.41320661130578
236.507	99.8516	26.523624377990046
236.608	99.8594	26.76042816685067
236.709	99.8828	26.405222483559736
236.812	99.8828	26.31402102433639
236.913	99.875	26.426022816365062
237.015	99.9453	25.475607609721756
237.116	99.9375	25.30600489607834
237.217	99.8984	25.885214163426614
237.319	99.9219	25.714011424182786
237.421	99.9688	24.97319957119314
237.522	99.9141	25.560408966543466
237.624	99.8984	25.99721595545529
237.725	99.7656	27.920446727147635
237.827	99.8359	27.469239507832125
237.929	99.9141	26.10921774748396
238.03	99.9219	25.70121121937951
238.132	99.9219	25.672410758572138
238.233	99.9219	25.67401078417255
238.335	99.9219	25.675610809772955
238.436	99.9141	25.78761260180163
238.537	99.9141	25.819613113809822
238.639	99.8984	26.038816621065937
238.741	99.9609	25.232403718459494
238.842	99.8828	26.083617337877406
238.944	99.9922	24.865997855965695
239.045	99.8984	25.736411782588522
239.147	99.9219	25.77641242259876
239.249	99.9844	24.817997087953408
239.35	99.9219	25.45480727691643
239.452	99.9922	24.72039552632842
239.553	99.9453	25.09320149122386
239.654	99.9375	25.387606201699228
239.756	99.875	26.293220691531065
239.858	99.9141	26.005216083457334
239.96	99.875	26.405222483559736
240.061	99.9141	26.01961631386102
240.162	99.8594	26.63562617001872
240.264	99.9922	24.998799980799692
240.366	100.0078	24.249987999807995
240.468	99.9453	25.066001056016898
240.569	99.9688	24.990799852797643
240.67	99.9141	25.6660106561705
240.772	99.9219	25.774812396998353
240.873	99.8984	26.07241715867454
240.975	99.9844	24.96839949439191
241.077	99.9609	24.961999391990272
241.178	99.9453	25.274004384070146
241.28	99.9141	25.773212371397943
241.381	99.8516	26.77002832045313
241.483	99.875	26.693227091633467
241.585	100.0313	24.416390662250596
241.686	99.9688	24.664394630314085
241.787	99.9609	25.018000288004608
241.889	99.8828	26.142818285092563
241.99	100.0391	24.28038848621578
242.093	99.9844	24.429190867053872
242.194	99.9609	24.971599545592728
242.295	100.0078	24.40679050864814
242.397	99.9922	24.438791020656332
242.498	99.9609	24.936398982383718
242.601	99.9453	25.278804460871374
242.702	99.9688	25.01480023680379
242.803	99.9922	24.595593529496472
242.905	99.9453	25.158802540840654
243.006	99.9375	25.45480727691643
243.107	99.9844	24.830797292756685
243.21	99.9922	24.536392582281316
243.311	99.9375	25.267604281668508
243.413	99.9922	24.717195475127603
243.514	99.9609	24.934798956783307
243.615	99.9609	25.05800092801485
243.718	100.0625	23.643578297252756
243.819	100.0078	24.006784108545737
243.92	99.9688	24.7667962687403
244.022	99.9688	24.92359877758044
244.123	99.9453	25.250004000064003
244.225	99.9609	25.12360197763164
244.327	99.9688	24.953999263988223
244.428	100.0078	24.377990047840765
244.53	99.9844	24.550792812685003
244.631	99.9453	25.187603001648025
244.732	99.9844	24.793996703947265
244.834	99.9141	25.61800988815821
244.936	99.9688	25.1332021312341
245.038	100.0547	23.7171794748716
245.139	100.0547	23.374773996383944
245.24	100.0156	23.920382726123616
245.342	99.9922	24.401990431846908
245.443	100.0078	24.27878846061537
245.546	100.0547	23.563577017232276
245.647	99.9453	24.902798444775115
245.748	99.9453	25.331605305684892
245.85	100.0313	24.129986079777275
245.951	99.9609	24.7667962687403
246.052	100.0625	23.619577913246612
246.155	99.9922	24.19398710379366
246.256	100.0078	24.251588025408406
246.358	99.9922	24.409990559848957
246.459	99.9922	24.47239155826493
246.56	99.9688	24.800396806348903
246.662	99.9922	24.56519304308869
246.764	99.9922	24.47239155826493
246.865	100.0078	24.253188051008816
246.967	100.0078	24.190787052592842
247.068	99.9844	24.5171922750764
247.17	99.9922	24.499591993471896
247.271	99.9688	24.795596729547672
247.373	100.0156	24.2339877438039
247.475	100.0078	24.16038656618506
247.576	100.0078	24.192387078193253
247.678	100.0547	23.5347765564249
247.779	100.0156	23.891582265316245
247.88	100.0391	23.71557944927119
247.983	99.9844	24.382790124641993
248.084	99.9922	24.48839181426903
248.185	100.0156	24.129986079777275
248.287	100.0313	23.817981087697405
248.388	100.0625	23.320373125970015
248.491	100.0391	23.523576377222035
248.592	100.1094	22.64196227139634
248.693	100.0313	23.46437543000688
248.795	99.9844	24.429190867053872
248.896	100.0078	24.288388614217826
248.997	99.9844	24.52519240307845
249.1	100.0625	23.531576505224084
249.201	100.0625	23.22277156434503
249.303	100.0156	23.878782060512968
249.404	100.0313	23.846781548504776
249.505	100.0156	24.003584057344916
249.607	100.0625	23.409974559592953
249.709	100.0078	23.979583673338773
249.81	100.0156	24.080385286164578
249.912	100.0625	23.395574329189266
250.013	100.0078	23.976383622137956
250.115	99.9688	24.739595833533336
250.216	100.0313	24.024384390150242
250.318	99.9453	24.977999647994366
250.42	100.0391	24.00198403174451
250.521	100.0781	23.083569337109395
250.623	99.9922	24.133186130978096
250.724	100.0156	24.147586361381784
250.826	100.0391	23.728379654074466
250.928	100.0391	23.637178194851117
251.029	100.0625	23.30917294676715
251.13	100.0781	22.997167954687274
251.232	100.0078	23.9171826749228
251.333	100.0625	23.435574969199507
251.435	100.0625	23.21957151314421
251.537	100.0156	23.87078193251092
251.638	100.0156	24.053184850957614
251.74	100.1328	22.414758636138178
251.841	100.0781	22.705963295412726
251.942	100.0313	23.574777196435143
252.044	100.0625	23.321973151570425
252.146	99.9688	24.496391942271078
252.248	99.9922	24.528392454279267
252.349	100.0313	23.891582265316245
252.45	100.0313	23.737979807676922
252.552	100.0313	23.736379782076515
252.653	100.0078	24.062785004560073
252.756	100.0391	23.718779500472007
252.857	100.0547	23.37637402198435
252.958	100.0625	23.205171282740523
253.06	100.0078	23.937983007728125
253.161	100.0625	23.39397430358886
253.262	100.0859	22.84996559944959
253.365	100.0156	23.734779756476104
253.466	99.9922	24.336389382230116
253.568	100.0391	23.771580345285525
253.669	100.1016	22.713963423414775
253.77	100.0625	23.01476823629178
253.873	100.1016	22.624361989791836
253.974	100.0625	23.013168210691372
254.075	100.0313	23.601977631642107
254.177	100.0781	23.069169106705708
254.278	100.0156	23.7507800124802
254.38	100.1094	22.681962911406583
254.482	100.0781	22.736363781820508
254.583	100.0313	23.51237619801917
254.685	100.0313	23.697979167666684
254.786	100.125	22.390758252132034
254.887	99.9844	23.99078385254164
254.989	99.9453	25.09480151682427
255.091	99.9922	24.595593529496472
255.193	100.0078	24.19398710379366
255.294	100.0625	23.369973919582712
255.395	100.0391	23.483575737211794
255.497	100.0313	23.685178962863407
255.598	100.0625	23.280372485959774
255.701	100.0313	23.592377478039648
255.802	100.0781	23.05956895310325
255.903	100.0781	22.875566009056143
256.005	100.0547	23.200371205939295
256.106	100.0625	23.1843709499352
256.207	100.0313	23.58917742683883
256.31	100.0625	23.277172434758956
256.411	100.0781	22.93636698187171
256.513	100.0781	22.872365957855326
256.614	100.0156	23.741179858877743
256.715	100.0547	23.437174994799918
256.817	100.0156	23.82758124129986
256.919	100.1484	22.141154258468134
257.02	100.0625	22.832365317845085
257.122	100.1016	22.629162066593064
257.223	100.1094	22.36355781692507
257.325	100.0391	23.313973023568376
257.426	100.0313	23.7011792188675
257.528	100.0625	23.29477271636346
257.63	100.0625	23.171570745131923
257.731	100.1016	22.625962015392247
257.833	100.1094	22.36195779132466
257.934	100.0391	23.307572921166738
258.035	100.0313	23.689979039664635
258.138	100.0781	23.067569081105297
258.239	100.0547	23.208371333941344
258.34	100.0156	23.845181522904365
258.442	100.0547	23.453175250804012
258.543	99.9844	24.27558840941455
258.646	100.0547	23.571577145234325
258.747	100.0078	23.94758316133058
258.848	100.0781	23.14597033552537
258.95	100.0625	23.085169362709802
259.051	99.9844	24.23238771820349
259.152	100.0625	23.443575097201556
259.255	100.0547	23.240371845949536
259.356	100.0547	23.269172306756907
259.458	100.0781	22.939567033072528
259.559	100.0859	22.736363781820508
259.66	100.0625	23.032368517896288
259.762	100.1016	22.57636122177955
259.864	100.0781	22.742763884222146
259.966	100.1094	22.392358277732445
260.067	100.0313	23.353973663578618
260.168	99.9922	24.205187282996526
260.27	100.0625	23.37637402198435
260.372	100.0781	22.877166034656554
260.473	100.0625	23.033968543496695
260.575	100.0391	23.42117473879582
260.676	100.0781	22.969967519480313
260.778	100.0781	22.81636506184099
260.879	100.0313	23.46597545560729
260.981	100.0078	23.976383622137956
261.083	99.9844	24.39719035504568
261.184	100.0078	24.161986591785467
261.285	100.1016	22.757164114625834
261.387	100.0547	23.038768620297926
261.488	100.0781	22.89796636746188
261.591	100.0625	23.021168338693418
261.692	100.0781	22.864365829853277
261.793	100.0781	22.800364805836892
261.895	100.0391	23.34437350997616
261.996	100.1016	22.629162066593064
262.097	100.1563	21.616345861533784
262.2	99.9922	23.66917870685931
262.301	100.0859	22.985967775484408
262.403	100.0078	23.704379270068323
262.504	100.0313	23.689979039664635
262.605	100.0391	23.488375814013025
262.707	100.0078	23.893182290916656
262.809	100.0859	22.93316693067089
262.911	100.0156	23.6179778876462
263.012	99.9844	24.33158930542889
263.113	99.9922	24.344389510232165
263.215	100.0156	23.98598377574041
263.317	100.0547	23.350773612377797
263.418	100.0313	23.528376454023263
263.52	100.0625	23.18277092433479
263.621	100.0625	23.05636890190243
263.723	100.0781	22.835565369045906
263.824	100.0391	23.315573049168787
263.926	99.9609	24.55719291508664
264.028	100.0547	23.550776812429
264.129	99.9922	24.046784748555975
264.23	100.0859	22.97796764748236
264.332	99.9922	23.91558264932239
264.433	99.9922	24.288388614217826
264.536	100.0547	23.417974687595002
264.637	99.9844	24.1507864125826
264.738	99.9688	24.64519432310917
264.84	100.0313	23.8339813437015
264.941	99.9922	24.128386054176868
265.042	100.0391	23.62437799004784
265.145	100.0625	23.110769772316356
265.246	100.0078	23.785980575689212
265.348	99.9922	24.221187539000624
265.449	100.0781	23.086769388310213
265.55	100.0078	23.733179730875694
265.653	100.0391	23.577977247635964
265.754	99.9922	24.109185746971953
265.856	100.0625	23.307572921166738
265.957	100.0078	23.78758060128962
266.058	99.9844	24.328389254228068
266.16	99.9375	25.077201235219764
266.262	99.9844	24.6163938623018
266.363	99.9141	25.422806764908238
266.465	100.0078	24.392390278244452
266.566	100.0547	23.365173842781484
266.668	100.0313	23.509176146818348
266.77	100.0156	23.81958111329781
266.871	99.9375	24.97479959679355
266.973	99.8984	25.8324133186131
267.074	99.9922	24.683594937519
267.175	100.0547	23.443575097201556
267.277	100.0859	22.757164114625834
267.379	100.0078	23.723579577273238
267.481	99.9922	24.246787948607178
267.582	100.0078	24.091585465367444
267.683	99.9609	24.686794988719818
267.785	99.9453	25.09160146562345
267.887	100.0391	23.854781676506825
267.989	100.0078	23.931582905326486
268.09	99.9453	24.926798828781262
268.191	99.9844	24.624393990303844
268.293	100.0078	24.142786284580552
268.394	99.9375	25.027600441607067
268.496	99.9688	24.869197907166516
268.598	99.9922	24.421190739051823
268.699	99.9844	24.43559096945551
268.801	99.9844	24.467591481463703
268.902	99.9453	25.01160018560297
269.004	100.0313	23.961983391734268
269.106	100.0078	23.94598313573017
269.207	100.0391	23.601977631642107
269.308	100.0078	23.91558264932239
269.41	99.9609	24.693195091121456
269.511	100.0078	24.221187539000624
269.614	99.9688	24.577993247891968
269.715	99.9219	25.386006176098817
269.816	99.9453	25.242003872061954
269.918	99.9375	25.25960415366646
270.019	99.9219	25.510808172930766
270.121	99.9219	25.573209171346743
270.223	99.9375	25.358805740891853
270.324	99.9688	24.861197779164467
270.426	99.9688	24.737995807932926
270.527	99.9141	25.50120801932831
270.628	99.9219	25.606809708955343
270.73	99.9844	24.704395270324326
270.832	100.0547	23.478775660410566
270.934	99.9453	24.741195859133747
271.035	99.9219	25.504408070529127
271.136	99.9688	24.941199059184946
271.238	99.9922	24.429190867053872
271.34	99.9844	24.44359109745756
271.441	99.9844	24.47399158386534
271.543	99.9219	25.349205587289397
271.644	99.9688	24.945999135986177
271.746	100.0313	23.888382214115428
271.847	100.0078	23.966783468535496
271.949	99.9609	24.710795372725965
272.051	99.9922	24.457991327861247
272.152	99.9844	24.44199107185715
272.254	99.9219	25.349205587289397
272.355	99.9922	24.619593913502616
272.457	99.8984	25.651610425766812
272.559	99.9219	25.691611065777053
272.66	99.9375	25.382806124898
272.761	99.8984	25.87081393302293
272.863	99.9688	25.045200723211572
272.964	99.9609	24.873997983967744
